id,"title","subtitle","image",time,"story","production","release","created_at","updated_at"
1,"スリー・ビルボード","Three Billboards Outside Ebbing, Missouri","https://d2ueuvlup6lbue.cloudfront.net/attachments/0d58c2361b1407ed0f7ce220c3652b9ca3ff3a9e/store/fitpad/260/364/f0739e0b9f76534db750147c3017891c012a487e04f662fa317c76a30926/75321.jpg",115,"最愛の娘が殺されて既に数ヶ月が経過したにもかかわらず、犯人が逮捕される気配がないことに憤るミルドレッドは、無能な警察に抗議するために町はずれに3枚の巨大な広告板を設置する。それを不快に思う警察とミルドレッドの間の諍いが、事態を予想外の方向に向かわせる。","2017年","2018-02-01","2018-02-10 07:27:32","2018-02-10 07:27:32"
2,"グレイテスト・ショーマン","The Greatest Showman","https://d2ueuvlup6lbue.cloudfront.net/attachments/04c3306d2174dbceeaa7b227eb63d0669c8fc16b/store/fitpad/260/364/af19785ded26ad8b7b06479cb55c1a8a6ee2fb851d31fbe46ca425c7c630/%E3%83%9D%E3%82%B9%E3%82%BF%E3%83%BC.jpg",105,"主人公のP.T.バーナムは＜ショービジネス＞の概念を生み出した男。誰もが“オンリーワンになれる場所”をエンターテインメントの世界に作り出し、人々の人生を勇気と希望で照らした実在の人物だ。そんなバーナムを支えたのは、どんな時も彼の味方であり続けた幼なじみの妻チャリティ。彼女の愛を心の糧に、仲間たちの友情を原動力に、バ ーナムはショーの成功に向かって、ひたむきに歩む。","2017年","2018-02-16","2018-02-10 07:27:38","2018-02-10 07:27:38"
3,"キングスマン：ゴールデン・サークル","Kingsman: The Golden Circle","https://d2ueuvlup6lbue.cloudfront.net/attachments/45ef7a95fe63caa5846291168e7d697754fffd59/store/fitpad/260/364/b27f5732a58a7e0a73b07fba81ec81e77ed5e853cb78795b5378826aaf5a/km_jp_poster.jpg",140,"スパイ機関“キングスマン”の拠点が、謎の敵、ゴールデン・サークルの攻撃により壊滅。残されたのは、前作で一流のエージェントに成長した主人公エグジー（タロン・エガートン）と、教官兼メカ担当のマーリン（マーク・ストロング）のみとなってしまう。敵を追い、同盟を結ぶスパイ機関“ステイツマン”の協力を得るためアメリカに向かう二人。しかし、表ではバーボン・ウイスキーの蒸留所と最高級のバーボンを提供する店を経営…スパイ機関“キングスマン”の拠点が、謎の敵、ゴールデン・サークルの攻撃により壊滅。残されたのは、前作で一流のエージェントに成長した主人公エグジー（タロン・エガートン）と、教官兼メカ担当のマーリン（マーク・ストロング）のみとなってしまう。敵を追い、同盟を結ぶスパイ機関“ステイツマン”の協力を得るためアメリカに向かう二人。しかし、表ではバーボン・ウイスキーの蒸留所と最高級のバーボンを提供する店を経営しているステイツマンは、英国文化に強い影響を受けたキングスマンと対照的に、コテコテにアメリカンなチームだった！彼らは文化の違いを乗り越えて、ゴールデン・サークルが企む陰謀を阻止することができるのか！？","2017年","2018-01-05","2018-02-10 07:27:45","2018-02-10 07:27:45"
4,"羊の木","","https://d2ueuvlup6lbue.cloudfront.net/attachments/89ea5e58bf5995dbef6ba27ee80902954cbd535b/store/fitpad/260/364/cae55504d3269add75357032732ab7cc41d4f8f2e799a4f02d2cd26e3ce2/70192.png",126,"さびれた港町・魚深（うおぶか）に移住してきた互いに見知らぬ6人の男女。市役所職員の月末（つきすえ）は、彼らの受け入れを命じられた。一見普通にみえる彼らは、何かがおかしい。やがて月末は驚愕の事実を知る。「彼らは全員、元殺人犯」。
それは、受刑者を仮釈放させ過疎化が進む町で受け入れる、国家の極秘プロジェクトだった。ある日、港で発生した死亡事故をきっかけに、月末の同級生・文をも巻き込み、小さな町の日…さびれた港町・魚深（うおぶか）に移住してきた互いに見知らぬ6人の男女。市役所職員の月末（つきすえ）は、彼らの受け入れを命じられた。一見普通にみえる彼らは、何かがおかしい。やがて月末は驚愕の事実を知る。「彼らは全員、元殺人犯」。
それは、受刑者を仮釈放させ過疎化が進む町で受け入れる、国家の極秘プロジェクトだった。ある日、港で発生した死亡事故をきっかけに、月末の同級生・文をも巻き込み、小さな町の日常の歯車は、少しずつ狂い始める・・・。","2018年","2018-02-03","2018-02-10 07:27:50","2018-02-10 07:27:50"
5,"ヴェノム","Venom","https://d2ueuvlup6lbue.cloudfront.net/attachments/4034503612c7290dc08960231065aa5fce35aa66/store/fitpad/260/364/fcfeff6e5e859f03c16dd50b09736ec5acfaa3e654e0b84c7f0dc28954a3/VNM_TTR_INTL_01_F2.0.jpg",0,"","2018年",NULL,"2018-02-10 07:27:53","2018-02-10 07:27:53"
6,"15時17分、パリ行き","THE 15:17 TO PARIS","https://d2ueuvlup6lbue.cloudfront.net/attachments/7bd1cf52b68d6b2c830379b98f55a3a6ab54d0bd/store/fitpad/260/364/2604da850c655b4972de08dbee157dbc07d234b810bb566fd364b0537fa0/77572.jpg",94,"2015年8月21日、アムステルダム発パリ行きの高速列車タリスが発車した。フランス国境内へ入ったのち、突如イスラム過激派の男が自動小銃を発砲。乗務員は乗務員室に逃げ込み、500名以上の乗客全員が恐怖に怯える中、幼馴染の3人の若者が犯人に立ち向かった――。","2018年","2018-03-01","2018-02-10 07:27:57","2018-02-10 07:27:57"
7,"レディ・バード","Lady Bird","https://d2ueuvlup6lbue.cloudfront.net/attachments/450c4f6abe845eb234da54c56cf6d3f38dfa70f6/store/fitpad/260/364/7ded74fb81624fb740debe2ec4a6bab9e3fcc4fb27fd8f7ad37adcfbacab/64154.jpg",93,"2002 年、カリフォルニア州サクラメント。閉塞感溢れる片田舎のカトリック系高校から、大都会ニューヨークへの大学進学を夢見るクリスティン（自称“レディ・バード”）。高校生最後の 1 年、友達や彼氏や家族について、そして自分の将来について、悩める17 歳の少女の揺れ動く心情を瑞々しくユーモアたっぷりに描いた超話題作！","2017年",NULL,"2018-02-10 07:28:01","2018-02-10 07:28:01"
8,"デトロイト","Detroit","https://d2ueuvlup6lbue.cloudfront.net/attachments/3c7c33801ee9abe4756757d590ed709fb115c814/store/fitpad/260/364/db39385e6e337cc6f4cf4730327be421d2698dc7337523d996280024265a/73411.jpg",142,"1967年夏、デトロイト。暴動で街が戦場と化す裏側で、世界を揺るがす“ある事件”が起きていたー
デトロイトの暴動発生から2日目の夜、ミシガン州兵隊の集結地付近で銃声の通報があり、デトロイト警察、ミシガン州警察、ミシガン陸軍州兵、地元の警備隊が、アルジェ・モーテルの別館に捜索押収のため乗り込んだ。何人かの警官が捜査手順を無視して、モーテルの宿泊客たちに不当な強制尋問を始めた。この尋問で、誰彼構わ…1967年夏、デトロイト。暴動で街が戦場と化す裏側で、世界を揺るがす“ある事件”が起きていたー
デトロイトの暴動発生から2日目の夜、ミシガン州兵隊の集結地付近で銃声の通報があり、デトロイト警察、ミシガン州警察、ミシガン陸軍州兵、地元の警備隊が、アルジェ・モーテルの別館に捜索押収のため乗り込んだ。何人かの警官が捜査手順を無視して、モーテルの宿泊客たちに不当な強制尋問を始めた。この尋問で、誰彼構わず脅迫し自白を強要する「死のゲーム」が展開されていく・・・。","2017年","2018-01-26","2018-02-10 07:28:06","2018-02-10 07:28:06"
9,"RAW〜少女のめざめ〜","Grave／RAW","https://d2ueuvlup6lbue.cloudfront.net/attachments/0a57133cb0ccc83df6030062c032d0434610b04a/store/fitpad/260/364/18bb9f24d99424935c52a0893cb3deca47b49003958e8b45da67b28d4630/67446.jpg",98,"16歳のジュスティーヌは厳格なベジタリアンの獣医一家に育ち、両親、姉と同じ獣医学校に入学。初めて親元を離れ、見知らぬ土地の大学寮で学生生活を送ることになった彼女は、新しい環境で不安に駆られる日々を過ごす。新入生通過儀礼として 生肉を食べることを強要されると、どうしても学校に馴染みたいという思いから家族のルールを破り、人生で初めて肉を口に する。その行為によってジュスティーヌの本性が露わになり、次…16歳のジュスティーヌは厳格なベジタリアンの獣医一家に育ち、両親、姉と同じ獣医学校に入学。初めて親元を離れ、見知らぬ土地の大学寮で学生生活を送ることになった彼女は、新しい環境で不安に駆られる日々を過ごす。新入生通過儀礼として 生肉を食べることを強要されると、どうしても学校に馴染みたいという思いから家族のルールを破り、人生で初めて肉を口に する。その行為によってジュスティーヌの本性が露わになり、次第に変貌をとげていく。彼女が本当に求めるものとは..。","2016年","2018-02-02","2018-02-10 07:28:11","2018-02-10 07:28:11"
10,"さよなら、僕のマンハッタン","The Only Living Boy in New York","https://d2ueuvlup6lbue.cloudfront.net/attachments/b9e68716df047e8399ed567e3d03688fff532381/store/fitpad/260/364/30b4b886bb755a4c8564ad16e834c735a022698ada8aa9a66ab99688f897/74243.jpg",88,"大学卒業を機に親元を離れたトーマスは、風変わりな隣人W.F.ジェラルドと出会い、人生のアドバイスを受けることに。ある日、想いを寄せるミミと行ったナイトクラブで、父と愛人ジョハンナの密会を目撃してしまう。W.Fの助言を受けながらジョハンナを父から引き離そうと躍起になるうちに、彼女の底知れない魅力に溺れていく。退屈な日々に舞い降りた二つの出会いが彼を予想もしていなかった自身と家族の物語に直面させるこ…大学卒業を機に親元を離れたトーマスは、風変わりな隣人W.F.ジェラルドと出会い、人生のアドバイスを受けることに。ある日、想いを寄せるミミと行ったナイトクラブで、父と愛人ジョハンナの密会を目撃してしまう。W.Fの助言を受けながらジョハンナを父から引き離そうと躍起になるうちに、彼女の底知れない魅力に溺れていく。退屈な日々に舞い降りた二つの出会いが彼を予想もしていなかった自身と家族の物語に直面させることになる・・・。","2017年","2018-04-14","2018-02-10 07:28:14","2018-02-10 07:28:14"
11,"ベイビー・ドライバー","Baby Driver","https://d2ueuvlup6lbue.cloudfront.net/attachments/6c074f7d8e7f4db86227ef32cc9b293bde5e12cb/store/fitpad/260/364/7bf62fd0e7aa1ad732916639868688ba34cbc51e2b5e4b2a3c087845ffaf/Baby_Driver_final_0613.jpg",113,"天才的なドライビング・センスを買われ、犯罪組織の“逃がし屋”として活躍する若きドライバー、通称「ベイビー」（アンセル・エルゴート）。彼の最高のテクニックを発揮するための小道具、それは完璧なプレイリストが揃っているiPod。子供のころの事故の後遺症で耳鳴りが激しい彼だが、音楽にノって外界から完璧に遮断されると、耳鳴りは消え、イカれたドライバーへと変貌する。ある日、運命の女の子デボラ（リリー・ジェー…天才的なドライビング・センスを買われ、犯罪組織の“逃がし屋”として活躍する若きドライバー、通称「ベイビー」（アンセル・エルゴート）。彼の最高のテクニックを発揮するための小道具、それは完璧なプレイリストが揃っているiPod。子供のころの事故の後遺症で耳鳴りが激しい彼だが、音楽にノって外界から完璧に遮断されると、耳鳴りは消え、イカれたドライバーへと変貌する。ある日、運命の女の子デボラ（リリー・ジェームズ）と出会ってしまった彼は犯罪現場から足を洗うことを決意。しかし彼の才能を惜しむ組織のボス（ケヴィン・スペイシー）にデボラの存在を嗅ぎ付けられ、無謀な強盗に手を貸すことになり、彼の人生は脅かされ始める――。","2017年","2017-08-19","2018-02-10 07:28:21","2018-02-10 07:28:21"
12,"シェイプ・オブ・ウォーター"," The Shape of Water","https://d2ueuvlup6lbue.cloudfront.net/attachments/ac2653f7ee5ce539beba663bcf10968e1f4cca13/store/fitpad/260/364/a08bb13521f2165c4d92968833169a0dd10fa8a6edc30d1c370de54fbbe7/73566.jpg",124,"1962年、アメリカとソビエトの冷戦時代、清掃員として政府の極秘研究所に勤めるイライザ（サリー・ホーキンス）は孤独な生活を送っていた。だが、同僚のゼルダ（オクタヴィア・スペンサー）と一緒に極秘の実験を見てしまったことで、彼女の生活は一変する。
人間ではない不思議な生き物との言葉を超えた愛。それを支える優しい隣人らの助けを借りてイライザと“彼”の愛はどこへ向かうのか……。","2017年","2018-03-01","2018-02-10 07:28:25","2018-02-10 07:28:25"
13,"祈りの幕が下りる時","","https://d2ueuvlup6lbue.cloudfront.net/attachments/2863a6271b49aceeef994080ed68aa6c5101aa8f/store/fitpad/260/364/9266ca95537d3eb089a30087b55e80abedb098c52cf1e9706845881bb3bb/%E7%A5%88%E3%82%8A_%E6%9C%ACB%E5%85%A8%E3%83%9D%E3%82%B9%E3%82%BF%E3%83%BC.jpg",119,"東京都葛飾区小菅のアパートで女性の絞殺死体が発見される。被害者は、ハウスクリーニングの会社で働く滋賀県在住の押谷道子。殺害現場となったアパートの住人・越川睦夫も行方不明になっていた。松宮（溝端淳平）たち警視庁捜査一課の刑事たちが捜査にあたるが。押谷道子と越川睦夫の接点がまったく見つからず、捜査は難航する。滋賀県在住の押谷が何故東京で殺されたのか。
やがて捜査線上に浮かびあがる女性演出家・浅居博…東京都葛飾区小菅のアパートで女性の絞殺死体が発見される。被害者は、ハウスクリーニングの会社で働く滋賀県在住の押谷道子。殺害現場となったアパートの住人・越川睦夫も行方不明になっていた。松宮（溝端淳平）たち警視庁捜査一課の刑事たちが捜査にあたるが。押谷道子と越川睦夫の接点がまったく見つからず、捜査は難航する。滋賀県在住の押谷が何故東京で殺されたのか。
やがて捜査線上に浮かびあがる女性演出家・浅居博美（松嶋菜々子）。押谷道子は学生時代の同級生である浅居博美を訪ねて東京に来たことが分かるが、浅居博美と越川睦夫の間にも接点がなく、捜査は進展しない。松宮は近くで発見された焼死体との関連を疑い、捜査を進めるうちに遺品に日本橋を囲む12の橋の名が書き込まれていることを発見する。その事実を知った加賀恭一郎（阿部寛）は激しく動揺する。それは孤独死した加賀の母に繋がっていた。","2017年","2018-01-27","2018-02-10 07:28:31","2018-02-10 07:28:31"
14,"リバーズ・エッジ","","https://d2ueuvlup6lbue.cloudfront.net/attachments/2a9ac6a65b226d556253ec8cb2361eddc897e75d/store/fitpad/260/364/031b3a6325cdb1e8925c29e7df8e8c79fa83363f16df35404b1ee9454860/77519.jpg",118,"若草ハルナ（二階堂ふみ）は、彼氏の観音崎（上杉柊平）が苛める山田（吉沢亮）を助けたことをきっかけに、夜の河原へ誘われ放置された＜死体＞を目にする。「これを見ると勇気が出るんだ」と言う山田に絶句するハルナ。さらに、宝物として死体の存在を共有しているという後輩でモデルのこずえ（SUMIRE）が現れ、3人は決して恋愛に発展しない特異な友情で結ばれていく。
ゲイであることを隠し街では売春をする山田、そ…若草ハルナ（二階堂ふみ）は、彼氏の観音崎（上杉柊平）が苛める山田（吉沢亮）を助けたことをきっかけに、夜の河原へ誘われ放置された＜死体＞を目にする。「これを見ると勇気が出るんだ」と言う山田に絶句するハルナ。さらに、宝物として死体の存在を共有しているという後輩でモデルのこずえ（SUMIRE）が現れ、3人は決して恋愛に発展しない特異な友情で結ばれていく。
ゲイであることを隠し街では売春をする山田、そんな山田に過激な愛情を募らせるカンナ（森川葵）、暴力の衝動を押さえられない観音崎、大量の食糧を口にしては吐くこずえ、観音崎との体の関係を重ねるハルナの友人ルミ（土居志央梨）。
閉ざされた学校の淀んだ日常の中で、それぞれが爆発寸前の何かを膨らませていた。そうした彼らの愛憎や孤独に巻き込まれ、強くあろうとするハルナもまた、何物にも執着が持てない空虚さを抱えていた。そんなある日、ハルナは新しい死体を見つけたという報せを、山田から受ける・・・。","2018年","2018-02-16","2018-02-10 07:28:36","2018-02-10 07:28:36"
15,"嘘を愛する女","","https://d2ueuvlup6lbue.cloudfront.net/attachments/23a7357c52436e041eb75020dd53eac31fe8fcf3/store/fitpad/260/364/59311e3aac0b84d8a2835fce71adecdb7b91d74b758a222e4fc3a71df52e/73178_t.jpg",118,"その姿は世の女性が憧れる理想像。飲料メーカーに勤め、業界の第一線を走るキャリアウーマン・川原由加利(長澤まさみ)は、研究医で面倒見の良い恋人・小出桔平(高橋一生)と同棲5年目を迎えていた。ある日、由加利が自宅で桔平の遅い帰りを待っていると、突然警察官が訪ねてくる。「一体、彼は誰ですか?」くも膜下出血で倒れ意識を失ったところを発見された桔平。なんと、彼の所持していた運転免許証、医師免…その姿は世の女性が憧れる理想像。飲料メーカーに勤め、業界の第一線を走るキャリアウーマン・川原由加利(長澤まさみ)は、研究医で面倒見の良い恋人・小出桔平(高橋一生)と同棲5年目を迎えていた。ある日、由加利が自宅で桔平の遅い帰りを待っていると、突然警察官が訪ねてくる。「一体、彼は誰ですか?」くも膜下出血で倒れ意識を失ったところを発見された桔平。なんと、彼の所持していた運転免許証、医師免許証はすべて偽造されたもので、職業はおろか名前すらも「嘘」という事実が判明したのだった。騙され続けていたことへのショックと、「彼が何者なのか」という疑問をぬぐえない由加利は、意を決して私立探偵・海原匠(吉田鋼太郎)を頼ることに。やがて、桔平が書き溜めていた700ページにも及ぶ書きかけの小説が見つかる。そこには誰かの故郷を思わせるいくつかのヒントと、幸せな家族の姿が書かれていたのだった。海原の力を借りて、それが瀬戸内海のどこかであることを知った由加利は、桔平の秘密を追う事に......。なぜ桔平は全てを偽り、由加利を騙さなければならなかったのか?そして、彼女はいまだ病院で眠り続ける「名もなき男」の正体に、辿り着くことができるのか―。","2018年","2018-01-20","2018-02-10 07:28:41","2018-02-10 07:28:41"
16,"マンハント","Manhunt","https://d2ueuvlup6lbue.cloudfront.net/attachments/1e307a9c865e708c46805f1c32489a7fa8c281f1/store/fitpad/260/364/a6a13c5dfad205726b2ec03b715fc79f96514341ff7933495c78546d155d/69063.jpg",110,"実直な国際弁護士ドゥ・チウ（チャン・ハンユー）が目を覚ますと、女の死体が横たわっていた。
現場の状況証拠は彼が犯人だと示しており、突如として殺人事件に巻き込まれてしまう。
罠にはめられたことに気づき逃走するドゥ・チウ。孤高の敏腕刑事の矢村（福山雅治）は独自の捜査でドゥ・チウを追っていく。
彼に近づくほどに、この事件に違和感を覚え、徐々に見解を変えていく矢村。やがて2人の間に絆が芽生えていく…実直な国際弁護士ドゥ・チウ（チャン・ハンユー）が目を覚ますと、女の死体が横たわっていた。
現場の状況証拠は彼が犯人だと示しており、突如として殺人事件に巻き込まれてしまう。
罠にはめられたことに気づき逃走するドゥ・チウ。孤高の敏腕刑事の矢村（福山雅治）は独自の捜査でドゥ・チウを追っていく。
彼に近づくほどに、この事件に違和感を覚え、徐々に見解を変えていく矢村。やがて2人の間に絆が芽生えていく。
ついにドゥ・チウを捕えた矢村は警察への引き渡しをやめ、共に真実の追及を決意する。
追われながらの追跡、闇が濃くなる度に増していく危険。鍵を握るのはドゥ・チウに近づいてきた謎の美女・真由美（チー・ウェイ）。果たして事件の裏にはどんな陰謀が隠れているのか。","2018年","2018-02-09","2018-02-10 07:28:46","2018-02-10 07:28:46"
17,"君の名前で僕を呼んで","Call Me by Your Name","https://d2ueuvlup6lbue.cloudfront.net/attachments/687ba05f4f07d40eb811b5075fffd7c45637f9cb/store/fitpad/260/364/f22c19a491b379792f8a6af2d05c9a129efa82203c177a15f41c7d5a1a43/69870.jpg",132,"1983年夏、北イタリアの避暑地で家族と夏を過ごす17歳のエリオは、大学教授の父が招いた24歳の大学院生オリヴァーと出会う。一緒に自転車で街を散策したり、泳いだり、午後を読書や音楽を聴いたりして過ごすうちに、エリオのオリヴァーへの気持ちは、やがて初めて知る恋へと変わっていく。
眩しすぎる太陽の中で、激しく恋に落ちるふたり、しかし夏の終わりとともにオリヴァーが去る日が近づいてくる。","2017年","2018-04-27","2018-02-10 07:28:50","2018-02-10 07:28:50"
18,"今夜、ロマンス劇場で","","https://d2ueuvlup6lbue.cloudfront.net/attachments/ed051cfc3f143e40eaf814a0552ec8bfc4c9adb1/store/fitpad/260/364/a796c759e50f372c664cdfe0f5440097714a475a50477b4486de78fd2653/s_JP-mposter-ROM.jpg",108,"モノクロ映画のヒロインと現実世界に生きる青年。出会うはずのなかった２人が出会ったら…それはロマンティックで切ない恋のはじまり。映画監督を夢見る青年・健司（坂口健太郎）は、ある日、通い慣れた映画館のロマンス劇場で１人の女性と出会う。彼女は健司がずっと憧れていた映画のなかのお姫様・美雪（綾瀬はるか）だった！モノクロの映画の世界からカラフルな現実の世界に飛び出した美雪は、色のついた世界を体験していく。…モノクロ映画のヒロインと現実世界に生きる青年。出会うはずのなかった２人が出会ったら…それはロマンティックで切ない恋のはじまり。映画監督を夢見る青年・健司（坂口健太郎）は、ある日、通い慣れた映画館のロマンス劇場で１人の女性と出会う。彼女は健司がずっと憧れていた映画のなかのお姫様・美雪（綾瀬はるか）だった！モノクロの映画の世界からカラフルな現実の世界に飛び出した美雪は、色のついた世界を体験していく。そして次第に惹かれあう２人。しかし、彼女にはある秘密があった……。
“逢いたい”気持ちが奇跡を起こす、ロマンティックで切ないラブストーリーが誕生。","2018年","2018-02-10","2018-02-10 07:28:55","2018-02-10 07:28:55"
19,"リメンバー・ミー","Coco","https://d2ueuvlup6lbue.cloudfront.net/attachments/49264d707a0167074b7f554ae40fed957725abd1/store/fitpad/260/364/1b3f9379d8a8b3abbe6abc9a35e5ceff884b362f37331943f001f5add8cf/64777.jpg",105,"主人公ミゲルは、音楽が大好きなギターの天才少年。しかし、過去の悲しい出来事がきっかけで彼の一族には「音楽禁止」の厳しい掟があり、ミゲルはギターを弾くどころか、家で音楽を聞くこともできない。特報では、家族に見つからないよう憧れのミュージシャンデラクルスを真似てこっそりギターを弾くミゲルのシーンからスタートする。ある日、家族から禁じられた音楽への夢を募らせるミゲルが、デラクルスの霊廟に飾られたギター…主人公ミゲルは、音楽が大好きなギターの天才少年。しかし、過去の悲しい出来事がきっかけで彼の一族には「音楽禁止」の厳しい掟があり、ミゲルはギターを弾くどころか、家で音楽を聞くこともできない。特報では、家族に見つからないよう憧れのミュージシャンデラクルスを真似てこっそりギターを弾くミゲルのシーンからスタートする。ある日、家族から禁じられた音楽への夢を募らせるミゲルが、デラクルスの霊廟に飾られたギターを手にしたことをキッカケに、夢のように美しく、まるでテーマパークのような死者の国へ迷い込んでしまう。生きている人間に驚いてしてしまうようなユーモラスなガイコツ達が暮らす国で１人混乱するミゲル。そんな彼が出会ったのはガイコツになったご先祖たち─。果たして彼は無事に元の世界に戻れるのか？すべての謎を解く鍵は、故デラクルスの美しい名曲バラード“リメンバー・ミー”に隠されていた…。イマジネーションの無限の可能性を 追求し、“おもちゃの世界”から“頭の中の世界”を描くことでアニメーションの特別な体験を贈ってきたピクサーが初めて描く、誰も見たことのない死者の世界とは？","2017年","2018-03-16","2018-02-10 07:28:59","2018-02-10 07:28:59"
20,"バーフバリ 王の凱旋","Baahubali 2: The Conclusion","https://d2ueuvlup6lbue.cloudfront.net/attachments/badd8de89dd02808558dca15c58fe5c97e185fd3/store/fitpad/260/364/39928e708f2e3bb8baf33beff96c4cca12189d4754f91c2825bbb87144b1/73903.jpg",167,"遥か遠い昔、インドに栄えたマヒシュマティ王国。自らが伝説の英雄バーフバリの息子であることを知ったシヴドゥは、父の家臣カッタッパから、ある裏切りによって命を絶たれ、王座を奪われた父の悲劇を聞かされる…。カーラケーヤとの戦争に勝利を収め、国母シヴァガミから王位継承を託されたアマレンドラ・バーフバリは、自ら治めることになる国を視察するために、信頼する忠臣カッタッパと共に身分を隠し、旅に出る。その旅でバ…遥か遠い昔、インドに栄えたマヒシュマティ王国。自らが伝説の英雄バーフバリの息子であることを知ったシヴドゥは、父の家臣カッタッパから、ある裏切りによって命を絶たれ、王座を奪われた父の悲劇を聞かされる…。カーラケーヤとの戦争に勝利を収め、国母シヴァガミから王位継承を託されたアマレンドラ・バーフバリは、自ら治めることになる国を視察するために、信頼する忠臣カッタッパと共に身分を隠し、旅に出る。その旅でバーフバリはクンタナ王国の王の妹デーヴァセーナと恋に落ちるが、王位継承争いに敗れたバラーラデーヴァは、バーフバリとデーヴァセーナの仲を裂き、バーフバリを王座から引き降ろすべく邪悪な策略を巡らしていた。やがて、王位を奪ったバラーラデーヴァはバーフバリと生まれたばかりのその息子の命をも亡きものにしようとする…。父バーフバリはなぜ殺害されなければならなかったのか？　母デーヴァセーナはなぜ25年もの間、鎖に繋がれていたのか？　すべてを知ったシヴドゥはマヘンドラ・バーフバリを名乗り、暴君と化したバラーラデーヴァに戦いを挑む！","2017年","2017-12-29","2018-02-10 07:29:04","2018-02-10 07:29:04"
21,"ハン・ソロ／スター・ウォーズ・ストーリー","Solo: A Star Wars Story","https://d2ueuvlup6lbue.cloudfront.net/attachments/8ad6973d8bab35a4002b645d93a7fbe3552edadd/store/fitpad/260/364/f2e3bcdb57e9496e3a511a520b1b5413cc492d41825d546f8828453fd0a4/%E3%80%8E%E3%83%8F%E3%83%B3%E3%83%BB%E3%82%BD%E3%83%AD%EF%BC%8FSWS%E3%80%8F%E6%97%A5%E6%9C%AC%E3%83%AD%E3%82%B4.jpg",0,"","2018年","2018-06-29","2018-02-10 07:29:08","2018-02-10 07:29:08"
22,"ラ・ラ・ランド","La La Land","https://d2ueuvlup6lbue.cloudfront.net/attachments/5f190241c821d85f58fb91a8d3b035698283f72d/store/fitpad/260/364/f21e83bb9a9abeec2b341bf7959e2e028eb9075693e57c9715ff679ffb77/s_62215_2.jpg",126,"夢追い人が集まる街、ロサンゼルス。映画スタジオのカフェで働くミア＜エマ・ストーン＞は女優を目指していたが、何度オーディションを受けても落ちてばかり。ある日、ミアは場末のバーでピアノを弾くセバスチャン＜ライアン・ゴズリング＞と出会う。彼はいつか自分の店を持ち、本格的なジャズを思う存分演奏したいと願っていた。やがて二人は恋におち、互いの夢を応援し合うが、セバスチャンが生活のために加入したバンドが成功…夢追い人が集まる街、ロサンゼルス。映画スタジオのカフェで働くミア＜エマ・ストーン＞は女優を目指していたが、何度オーディションを受けても落ちてばかり。ある日、ミアは場末のバーでピアノを弾くセバスチャン＜ライアン・ゴズリング＞と出会う。彼はいつか自分の店を持ち、本格的なジャズを思う存分演奏したいと願っていた。やがて二人は恋におち、互いの夢を応援し合うが、セバスチャンが生活のために加入したバンドが成功したことから二人の心はすれ違い始める……。","2016年","2017-02-24","2018-02-10 07:29:18","2018-02-10 07:29:18"
23,"勝手にふるえてろ","","https://d2ueuvlup6lbue.cloudfront.net/attachments/29e264f6b69d87c6fc269fd5710bc491191967b2/store/fitpad/260/364/6c45315843c3e86ae70ece033eaa8d2485c980d2d7b4f8ce6d6de99882da/72926.jpg",117,"私には彼氏が2人いる──突然告白してきた暑苦しい同期のニと中学時代からの片思いの相手イチ。
「人生初告られた！」とテンションがあがるも、イマイチ、ニとの関係に乗り切れないヨシカ。一方で、「一目でいいから、今のイチに会って前のめりに死んでいこうと思ったんです」という奇妙な動機から、中学時代からひきずっていた片思いの相手・イチに会ってみようと、ありえない嘘をついて同窓会を計画。ついに再会の日が訪れ…私には彼氏が2人いる──突然告白してきた暑苦しい同期のニと中学時代からの片思いの相手イチ。
「人生初告られた！」とテンションがあがるも、イマイチ、ニとの関係に乗り切れないヨシカ。一方で、「一目でいいから、今のイチに会って前のめりに死んでいこうと思ったんです」という奇妙な動機から、中学時代からひきずっていた片思いの相手・イチに会ってみようと、ありえない嘘をついて同窓会を計画。ついに再会の日が訪れるのだが・・・。 “脳内の片思い”と“リアルな恋愛”。同時進行で進むふたつの恋の行方は？ 
","2017年","2017-12-23","2018-02-10 07:29:24","2018-02-10 07:29:24"
24,"パディントン 2","Paddington 2","https://d2ueuvlup6lbue.cloudfront.net/attachments/b5b1914c51f38b0e55d9d1215de8508418ca1377/store/fitpad/260/364/96e0c3c796fb3b80e754382818e5f15c0e99969962054017cbc9df29c42a/65288.jpg",104,"ウィンザーガーデンでブラウン一家と幸せに暮らしているパディントン。彼はどこに行っても元気とマーマレードを振りまき、コミュニティの人気メンバーになっていた。大好きなルーシーおばさんの100歳の誕生日のために完璧なプレゼントを探していたパディントンは、グルーバーさんの骨董品屋でユニークな飛び出す絵本を見つける。
その絵本を買うために様々な雑用仕事を始めたパディントンだったが、ある時その絵本が盗まれ…ウィンザーガーデンでブラウン一家と幸せに暮らしているパディントン。彼はどこに行っても元気とマーマレードを振りまき、コミュニティの人気メンバーになっていた。大好きなルーシーおばさんの100歳の誕生日のために完璧なプレゼントを探していたパディントンは、グルーバーさんの骨董品屋でユニークな飛び出す絵本を見つける。
その絵本を買うために様々な雑用仕事を始めたパディントンだったが、ある時その絵本が盗まれてしまう。犯人の正体を暴けるかどうかはパディントンとブラウン一家の手にかかっている･･････！","2017年","2018-01-19","2018-02-10 07:29:30","2018-02-10 07:29:30"
25,"ジオストーム","Geostorm","https://d2ueuvlup6lbue.cloudfront.net/attachments/eb3c602d34f64e18b1f930590e4708fef7812975/store/fitpad/260/364/13398fd61ad63eb2341a26b42f6471957079b388cfca73534f9bd149d2c0/%E3%80%8E%E3%82%B8%E3%82%AA%E3%82%B9%E3%83%88%E3%83%BC%E3%83%A0%E3%80%8F%E3%83%9D%E3%82%B9%E3%82%BF%E3%83%BC%E7%94%BB%E5%83%8F.jpg",109,"未曾有の自然災害に襲われ続ける地球・人類を守るため、世界各国が団結。最新テクノロジーを搭載し天候を制御できる気象宇宙ステーションを開発する。それにより、もはや災害は過去のものとなっていた。 だが運用開始から２年後、地球を守ってきた“宇宙ステーション”はウィルス感染により大暴走。地球に猛威を振るい始めた。 不可解な異常気象を次々と引き起こす宇宙ステーションの暴走は止まらず、［銀座のど真ん中で降り注…未曾有の自然災害に襲われ続ける地球・人類を守るため、世界各国が団結。最新テクノロジーを搭載し天候を制御できる気象宇宙ステーションを開発する。それにより、もはや災害は過去のものとなっていた。 だが運用開始から２年後、地球を守ってきた“宇宙ステーション”はウィルス感染により大暴走。地球に猛威を振るい始めた。 不可解な異常気象を次々と引き起こす宇宙ステーションの暴走は止まらず、［銀座のど真ん中で降り注ぐ直径 5ｍ級の巨大 な雹（ひょう）］［同時多発しすべてを飲み込むインドでの巨大な竜巻］［リオデジャネイロでは常夏の海が瞬時に氷結化］［香港の地底マグマによるビルのドミノ倒し］・・・と様々な超異常気象を作り出し、やがてそれら災害が同時多発で起きてし まう地球壊滅災害“ジオストーム”の発生まで残された時間はわずか。地球・人類は未だかつてない危機に遭遇してしまう。 人類滅亡までのカウントダウンが始まる中、宇宙ステーションの暴走を止める為に立ち上がったのは、その生みの親である天才科学者のジェイク(演：ジェラルド・バトラー)と、ジェイクの弟で天才政治家マックス（演：ジム・スタージェス）。 ジェイクをリーダーとした世界中の科学者が集まった宇宙チーム、そしてマックスを中心とする地上チームはこの地球の危機を救えるか―。 ","2017年","2018-01-19","2018-02-10 07:29:35","2018-02-10 07:29:35"
26,"ゆれる人魚","Córki dancingu／The Lure","https://d2ueuvlup6lbue.cloudfront.net/attachments/9a6bc9171308c0da362872ec310764a4f5da2e8b/store/fitpad/260/364/d5ea935c9a78bf4ca5102996726ac9884e6b57012b196cbdf1b3b97944d5/1019_poster_small.jpg",92,"はじめての舞台、はじめての恋、はじめて吸うタバコ――「はじめて」の先にある、私たちの運命。人魚の姉妹が海からあがってくる。辿りついたのは80年代風のワルシャワのナイトクラブ。ふたりはワイルドな美少女。セクシーで生きるのに貪欲だ。一夜にしてスターになるが、ひとりがハンサムなベース・プレイヤーに恋してしまう。たちまちふたりの関係がぎくしゃくしはじめ、やがて限界に達し、残虐で血生ぐさい行為へとふたりを…はじめての舞台、はじめての恋、はじめて吸うタバコ――「はじめて」の先にある、私たちの運命。人魚の姉妹が海からあがってくる。辿りついたのは80年代風のワルシャワのナイトクラブ。ふたりはワイルドな美少女。セクシーで生きるのに貪欲だ。一夜にしてスターになるが、ひとりがハンサムなベース・プレイヤーに恋してしまう。たちまちふたりの関係がぎくしゃくしはじめ、やがて限界に達し、残虐で血生ぐさい行為へとふたりを駆り立てる。","2015年","2018-02-10","2018-02-10 07:29:40","2018-02-10 07:29:40"
27,"不能犯","","https://d2ueuvlup6lbue.cloudfront.net/attachments/f670f539dbbfac55f37f1aa5a555d3bf446c5ad4/store/fitpad/260/364/b54850c1df981ea28f8388c50d1cfb3ca94bc9ee64b4f80eb3b3fe87c66f/70899.jpg",106,"都会で次々と起きる変死事件。いずれの被害者も、検死をしても、何一つとして証拠が出てこない不可解な状況で、唯一の共通点は事件現場で必ず目撃される黒スーツの男。その名は宇相吹正（松坂桃李）。
彼こそがSNSで噂の〈電話ボックスの男〉だった。とある電話ボックスに、殺人の依頼を残しておくと、どこからともなく彼が現れ、ターゲットを確実に死に至らしめるという。その死因はどれも病死や自殺に事故――
宇相吹…都会で次々と起きる変死事件。いずれの被害者も、検死をしても、何一つとして証拠が出てこない不可解な状況で、唯一の共通点は事件現場で必ず目撃される黒スーツの男。その名は宇相吹正（松坂桃李）。
彼こそがSNSで噂の〈電話ボックスの男〉だった。とある電話ボックスに、殺人の依頼を残しておくと、どこからともなく彼が現れ、ターゲットを確実に死に至らしめるという。その死因はどれも病死や自殺に事故――
宇相吹の犯行は、すべて立件不可能な犯罪、〈不能犯〉だった。今日も、愛憎や嫉妬、欲望に塗れた人々が彼のもとにやってくる。そんな中、警察はようやく宇相吹の身柄を確保し、任意で取り調べを始める。
多田（沢尻エリカ）と部下の百々瀬（新田真剣佑）が見守る中、宇相吹を前に上司の夜目（矢田亜希子）が取り調べを始めるが、次第に夜目の様子がおかしくなり、最終的に宇相吹は解放される。彼の正体とは一体―。そして、真の目的とは―。","2018年","2018-02-01","2018-02-10 07:29:45","2018-02-10 07:29:45"
28,"家に帰ると妻が必ず死んだふりをしています。","","https://d2ueuvlup6lbue.cloudfront.net/attachments/97efadd8e52ed9274bbe5cab1786a44f20727f8c/store/fitpad/260/364/aa5f8f30f8499483b6b8a367a6c50c8925a2bc44a81cb71ac09a9ca1fddb/74222.jpg",0,"サラリーマンのじゅんが仕事に疲れて帰宅すると、玄関で妻のちえが口から血を出して倒れていた！慌てて介抱するじゅんだが、傍らにはケチャップ。「ククク……」と倒れていたちえが笑う。「驚きましたか？？」ちえは死んだふりをしていただけだったのだ。ホッとして理由を問うも、からかうように笑うだけのちえ。それからというもの、家に帰るとちえは必ず死んだふりをするようになった。ある時はワニに喰われて。ある時は銃で撃…サラリーマンのじゅんが仕事に疲れて帰宅すると、玄関で妻のちえが口から血を出して倒れていた！慌てて介抱するじゅんだが、傍らにはケチャップ。「ククク……」と倒れていたちえが笑う。「驚きましたか？？」ちえは死んだふりをしていただけだったのだ。ホッとして理由を問うも、からかうように笑うだけのちえ。それからというもの、家に帰るとちえは必ず死んだふりをするようになった。ある時はワニに喰われて。ある時は銃で撃たれて。またある時は頭に矢が刺さって…。次第にエスカレートしてゆく「死んだフリ」。最初は呆れるだけだったじゅんだが、何を聞いても「月が綺麗ですね」と笑うだけのちえにだんだん不安を覚え始める。寂しいだけなのか、何かのSOSのサインなのか―。結婚３年目の夫婦の独特なコミュニケーションを描く、一風変わったハートフル・ラブコメディ！","2017年","2018-06-08","2018-02-10 07:29:49","2018-02-10 07:29:49"
29,"ザ・フロリダ・プロジェクト（原題）","The Florida Project","https://d2ueuvlup6lbue.cloudfront.net/attachments/ab588c4e8eb9d3de851aa8ab4ceafd03672308e0/store/fitpad/260/364/3222e2908c3bead6284051c133730c44f249746479859db20fbb4626f242/512A7CM4qOL.jpg",115,"","2017年","2018-05-12","2018-02-10 07:29:55","2018-02-10 07:29:55"
30,"アバウト・レイ 16歳の決断","3 Generations／About Ray","https://d2ueuvlup6lbue.cloudfront.net/attachments/d7ca3155c9d6f2003c5eb3ccc85c21ddb1bd9363/store/fitpad/260/364/b4756fcd340aa2fbf4d5dc4831eef74dba4f6f2f698cadda4898087e267b/60302.jpg",92,"「ドレスを着ていた時代の自分にはサヨナラだ。ただ僕は人になりたいんだよ」
男の子として生きることをカミングアウトしたレイ（エル・ファニング）。
ホルモン治療など、医者が差し出してきた見慣れない資料に呆然とする母親・マギー（ナオミ・ワッツ）。「突然、息子を育てることになるなんて・・」と、突然の告白に動揺を隠せない。そしてそんな心の迷いを、近くに住む若い青年にぶつけて、流れるままに一夜を共にして…「ドレスを着ていた時代の自分にはサヨナラだ。ただ僕は人になりたいんだよ」
男の子として生きることをカミングアウトしたレイ（エル・ファニング）。
ホルモン治療など、医者が差し出してきた見慣れない資料に呆然とする母親・マギー（ナオミ・ワッツ）。「突然、息子を育てることになるなんて・・」と、突然の告白に動揺を隠せない。そしてそんな心の迷いを、近くに住む若い青年にぶつけて、流れるままに一夜を共にしてみたりと、母親の“動揺”は暴走するばかり・・。一方、レズビアンであることをすでにカミングアウトしたおばあちゃんのドリー（スーザン・サランドン）は最愛のパートナーとの暮らしを謳歌しながら、レイの“新しい人生”への一歩を、密かに応援していた。髪を短く切り、トレーニングをして、少しずつ“男の子”に近づいていくレイ。そんなレイの成長を見つめながら、マギーは意を決して、わが子のためと思い、性転換手術の同意書のサインを、別れた夫にもらうために久しぶりに会いに行くのだが・・・","2015年","2018-02-03","2018-02-10 07:30:00","2018-02-10 07:30:00"
31,"君の名は。","","https://d2ueuvlup6lbue.cloudfront.net/attachments/608e5965e33dda72c3a66caf4b941e3170fc28c9/store/fitpad/260/364/57ca60176e97222ed3247aeef10f8b0d824ca28e2220561e8b6de1057385/34710.jpg",107,"千年ぶりとなる彗星の来訪を一か月後に控えた日本。山深い田舎町に暮らす女子高校生・三葉は憂鬱な毎日を過ごしていた。町長である父の選挙運動に、家系の神社の古き風習。小さく狭い町で、周囲の目が余計に気になる年頃だけに、都会への憧れを強くするばかり。「来世は東京のイケメン男子にしてくださーーーい！！！」そんなある日、自分が男の子になる夢を見る。見慣れない部屋、見知らぬ友人、戸惑いながらも、念願だった都会…千年ぶりとなる彗星の来訪を一か月後に控えた日本。山深い田舎町に暮らす女子高校生・三葉は憂鬱な毎日を過ごしていた。町長である父の選挙運動に、家系の神社の古き風習。小さく狭い町で、周囲の目が余計に気になる年頃だけに、都会への憧れを強くするばかり。「来世は東京のイケメン男子にしてくださーーーい！！！」そんなある日、自分が男の子になる夢を見る。見慣れない部屋、見知らぬ友人、戸惑いながらも、念願だった都会での生活を思いっきり満喫する三葉。「不思議な夢……。」一方、東京で暮らす男子高校生、瀧も、奇妙な夢を見た。行ったこともない山奥の町で、自分が女子高校生になっているのだー。彼らが体験した夢の秘密とは？","2016年","2016-08-26","2018-02-10 07:30:13","2018-02-10 07:30:13"
32,"セッション","Whiplash","https://d2ueuvlup6lbue.cloudfront.net/attachments/ff073027b6712902a2f02fb2b9616359b12c1c73/store/fitpad/260/364/b4e2c2753d230b7f88145ca88b1d5787f84e4f0c2990d60ba4554e658610/29280.jpg",106,"世界的ジャズ・ドラマ―を目指し、名門音楽学校に入学したアンドリューを待っていたのは、伝説の鬼教師。常人に理解できない完璧を求め、浴びせられる容赦ない罵声。やがてレッスンは狂気を帯び、加速の一途を辿る―。","2014年","2015-04-17","2018-02-10 07:30:25","2018-02-10 07:30:25"
33,"ウイスキーと2人の花嫁","Whisky Galore","https://d2ueuvlup6lbue.cloudfront.net/attachments/a5310b355790f40bf681e3c1706b674880cf756c/store/fitpad/260/364/e63b55b551012a16ea0ba9890d42af783eca23005a339d72ea88c3a81119/77207.png",98,"NYへ向かうはずの５万ケースものウイスキーの運命とは――
思いがけない落とし物が奏でる”結婚狂騒曲”！
第二次世界大戦の戦況悪化の為、ついにトディー島へのウイスキーの配給が止まってしまい、島民たちは完全に無気力に陥っていた。島の郵便局長ジョセフ（グレゴール・フィッシャー）の長女ペギー（ナオミ・バトリック）と次女カトリーナ（エリー・ケンドリック）はそれぞれの恋人との結婚を望んでいたが、周囲から…NYへ向かうはずの５万ケースものウイスキーの運命とは――
思いがけない落とし物が奏でる”結婚狂騒曲”！
第二次世界大戦の戦況悪化の為、ついにトディー島へのウイスキーの配給が止まってしまい、島民たちは完全に無気力に陥っていた。島の郵便局長ジョセフ（グレゴール・フィッシャー）の長女ペギー（ナオミ・バトリック）と次女カトリーナ（エリー・ケンドリック）はそれぞれの恋人との結婚を望んでいたが、周囲から「ウイスキー無しじゃ結婚式はムリ！」と猛反対され困った状況に…。そんな時、輸出用に大量のお酒を積んだニューヨーク行きの貨物船が島の近くで座礁。沈没寸前の船内には、なんと５万ケースものウイスキーが積まれていた！「これはきっと神様からの贈り物に違いない！」島民たちは禁制品のウイスキーを秘かに“救出”しようとするが…。","2016年","2018-02-17","2018-02-10 07:30:30","2018-02-10 07:30:30"
34,"キングスマン","Kingsman: The Secret Service","https://d2ueuvlup6lbue.cloudfront.net/attachments/904d0693020515836785029e0b88b74c3b6c64a5/store/fitpad/260/364/19fa193e930a04eacac31e073424d863e11bee869835adb4ac109eeecde6/59360.jpg",129,"ロンドンの高級テーラー「キングスマン」。しかしその実体は、どこの国にも属さない世界最強のスパイ機関だった！

高級テーラー「キングスマン」。その裏の顔は世界最強のスパイ機関である。ブリティッシュ・スーツをスタイリッシュに着こなすハリー（コリン・ファース）は、そのエリートスパイ。組織の指揮者アーサー（マイケル・ケイン）の指令で、何者かに惨殺されたエージェントの代わりに新人をスカウトすることに。…ロンドンの高級テーラー「キングスマン」。しかしその実体は、どこの国にも属さない世界最強のスパイ機関だった！

高級テーラー「キングスマン」。その裏の顔は世界最強のスパイ機関である。ブリティッシュ・スーツをスタイリッシュに着こなすハリー（コリン・ファース）は、そのエリートスパイ。組織の指揮者アーサー（マイケル・ケイン）の指令で、何者かに惨殺されたエージェントの代わりに新人をスカウトすることに。ハリーは街の若者エグジー（タロン・エガートン）に可能性を見出し、「キングスマン」の候補生に抜擢。実はハリーは、死んだエグジーの父と旧知の仲で、ある約束を果たそうとしていたのだった。一方で、頻発する科学者失踪事件の首謀者でＩＴ富豪のヴァレンタイン（サミュエル・Ｌ・ジャクソン）が、前代未聞の人類抹殺計画を進めていた。調査を開始した「キングスマン」にも、ヴァレンタインの魔の手が迫る。果たして、エグジーはキングスマンの一員となれるのか。そして、「キングスマン」はテロを阻止できるのか。世界最強のスパイ機関、ついに出動！","2015年","2015-09-11","2018-02-10 07:30:41","2018-02-10 07:30:41"
35,"犬猿","","https://d2ueuvlup6lbue.cloudfront.net/attachments/67f5ad406ec56989d39dd11716b8640af0c85895/store/fitpad/260/364/95a9613735b0f11c86210f0d238703d232de52c591a44c220418d2621feb/75600.png",106,"印刷会社に勤める真面目な弟とは対照的に乱暴者でトラブルメーカーの兄。見た目は悪いけど頭がよく勤勉で家業の印刷所をテキパキ切り盛りするブスな姉と、要領は悪いがその容姿と人当りの良さで人気者の妹。この二組の兄弟・姉妹の関係に、あるとき変化が訪れる。それぞれの思いが交錯し、相性最悪なW犬猿ペアの抗争は次第にエスカレートしていく。","2017年","2018-02-10","2018-02-10 07:30:45","2018-02-10 07:30:45"
36,"gifted／ギフテッド","Gifted","https://d2ueuvlup6lbue.cloudfront.net/attachments/e3d5c41c256e377f38a7b07447525f3c47bbc728/store/fitpad/260/364/9b5c73b3076e3e8095e0a111c1304807bf2c7266c0be51e7636aab063038/71001.jpg",101,"フロリダの小さな町で生意気ざかりの7歳の姪メアリー、片目の猫フレッドとささやかに暮らしている独身男のフランク。その小さな幸せは、メアリーの天才的な才能が明らかになることで揺らぎ始める。メアリーの特別扱いを頑なに拒むフランクだったが、そこにフランクの母エブリンが現れ、孫のメアリーに英才教育を施すためにフランクからの引き離しを図ります。フランクには亡き姉から託されたある秘密がありました。メアリーにと…フロリダの小さな町で生意気ざかりの7歳の姪メアリー、片目の猫フレッドとささやかに暮らしている独身男のフランク。その小さな幸せは、メアリーの天才的な才能が明らかになることで揺らぎ始める。メアリーの特別扱いを頑なに拒むフランクだったが、そこにフランクの母エブリンが現れ、孫のメアリーに英才教育を施すためにフランクからの引き離しを図ります。フランクには亡き姉から託されたある秘密がありました。メアリーにとっての本当の幸せはどこにあるのか、そして、フランクとメアリーはこのまま離れ離れになってしまうのか・・・？","2017年","2017-11-23","2018-02-10 07:30:53","2018-02-10 07:30:53"
37,"ヴェノム","Venom","https://d2ueuvlup6lbue.cloudfront.net/attachments/4034503612c7290dc08960231065aa5fce35aa66/store/fitpad/260/364/fcfeff6e5e859f03c16dd50b09736ec5acfaa3e654e0b84c7f0dc28954a3/VNM_TTR_INTL_01_F2.0.jpg",0,"","2018年",NULL,"2018-02-10 07:32:02","2018-02-10 07:32:02"
38,"レディ・バード","Lady Bird","https://d2ueuvlup6lbue.cloudfront.net/attachments/450c4f6abe845eb234da54c56cf6d3f38dfa70f6/store/fitpad/260/364/7ded74fb81624fb740debe2ec4a6bab9e3fcc4fb27fd8f7ad37adcfbacab/64154.jpg",93,"2002 年、カリフォルニア州サクラメント。閉塞感溢れる片田舎のカトリック系高校から、大都会ニューヨークへの大学進学を夢見るクリスティン（自称“レディ・バード”）。高校生最後の 1 年、友達や彼氏や家族について、そして自分の将来について、悩める17 歳の少女の揺れ動く心情を瑞々しくユーモアたっぷりに描いた超話題作！","2017年",NULL,"2018-02-10 07:32:10","2018-02-10 07:32:10"
39,"レオン／完全版","LEON","https://d2ueuvlup6lbue.cloudfront.net/attachments/96eded24f47fb212988bb42d9a2108aa50c47853/store/fitpad/260/364/380e3f87b21bd77555ef812ddf5e5596d268ab25db7ff393b12f05af7235/5682.jpg",133,"","1994年","0000-00-00","2018-02-10 07:36:28","2018-02-10 07:36:28"
40,"ショーシャンクの空に","THE SHAWSHANK REDEMPTION","https://d2ueuvlup6lbue.cloudfront.net/attachments/893deb3d27e868c3a4e74a1142f096578629784d/store/fitpad/260/364/5b23f3eeac6aaee70ff5e84d21b822c67166d05feb9210ee6f6643a145de/2187.jpg",143,"","1994年","0000-00-00","2018-02-10 07:36:40","2018-02-10 07:36:40"
41,"グッド・ウィル・ハンティング／旅立ち","GOOD WILL HUNTING","https://d2ueuvlup6lbue.cloudfront.net/attachments/25825710c84223fa3629f104850165dc2f108688/store/fitpad/260/364/4d7484b873eb2b6538add6bd540b431755ecd6c74de5e94e8fa74731d456/6087.jpg",127,"","1997年","0000-00-00","2018-02-10 07:36:48","2018-02-10 07:36:48"
42,"タイタニック","TITANIC","https://d2ueuvlup6lbue.cloudfront.net/attachments/1bf43f04cef52ae7299c12175673bd94b6d034bc/store/fitpad/260/364/eba2c0185fbb3eac15b8908315beb1ea89b8b91b9303b95d4eb8473eeeee/6027.jpg",189,"","1997年","0000-00-00","2018-02-10 07:36:59","2018-02-10 07:36:59"
43,"もののけ姫","PRINCESS MONONOKE","https://d2ueuvlup6lbue.cloudfront.net/attachments/75aca0a8d288b5c521d3431fcf02dcb139f34fb4/store/fitpad/260/364/8cf891b8f874fe3ea857cf05cc3ad0402a5f1b86c706990c2e0e96c69b6d/7605.jpg",135,"","1997年","0000-00-00","2018-02-10 07:37:07","2018-02-10 07:37:07"
44,"レオン","LEON","https://d2ueuvlup6lbue.cloudfront.net/attachments/c2db8672e1ec3833199edb78502ca6abede2f12c/store/fitpad/260/364/d764e2b2631688ebf11e220d4ad89867cea806ca42b31a6edfb2d272f9c1/5013.jpg",111,"","1994年","0000-00-00","2018-02-10 07:37:14","2018-02-10 07:37:14"
45,"シザーハンズ","EDWARD SCISSORHANDS","https://d2ueuvlup6lbue.cloudfront.net/attachments/6333d01065816d5d0ad31f417fed3e04d2150774/store/fitpad/260/364/ece5ebaae36e680fd2e9928f50c3aa27395f5d4904c5bd521008c963feed/1978.jpg",98,"","1990年","0000-00-00","2018-02-10 07:37:24","2018-02-10 07:37:24"
46,"パルプ・フィクション","PULP FICTION","https://d2ueuvlup6lbue.cloudfront.net/attachments/d3df03163ec33df7f51e671185024246557cf546/store/fitpad/260/364/daac918c042211d5ee3f9a35efb49881d032979e40bee84ba0db826c94e9/3655.jpg",154,"","1994年","0000-00-00","2018-02-10 07:37:33","2018-02-10 07:37:33"
47,"ホーム・アローン","HOME ALONE","https://d2ueuvlup6lbue.cloudfront.net/attachments/4eec73f51a2363c01012cea5990cf210e9c6a3a2/store/fitpad/260/364/5711afbe7effb3524d737d25a455a30dca6b86e93a5818de5daa4d21b044/4244.jpg",102,"","1990年","0000-00-00","2018-02-10 07:37:45","2018-02-10 07:37:45"
48,"フォレスト・ガンプ／一期一会","FORREST GUMP","https://d2ueuvlup6lbue.cloudfront.net/attachments/ef4a76eada294ed083b215b140e1e57f831a7b79/store/fitpad/260/364/8079cdfcb56f25bda216f250157b01fd891d092b10a77e71157033cf1feb/3904.jpg",142,"","1994年","0000-00-00","2018-02-10 07:37:53","2018-02-10 07:37:53"
49,"トゥルーマン・ショー","THE TRUMAN SHOW","https://d2ueuvlup6lbue.cloudfront.net/attachments/b197ec97a705a1ce845788284c6111284e4f15e9/store/fitpad/260/364/8d8a56cb4363c58fbc72bc9463d4188039d14e3c7e8ccfff217fb0481d7e/6227.jpg",103,"","1998年","0000-00-00","2018-02-10 07:38:00","2018-02-10 07:38:00"
50,"羊たちの沈黙","THE SILENCE OF THE LAMBS","https://d2ueuvlup6lbue.cloudfront.net/attachments/5d75c2ba964f177fe467100d7b1cd8c6f72d1187/store/fitpad/260/364/69d7eeba852736549ec98f3a59bf4260e216865d5ea0488416483914e49f/3766.jpg",118,"","1990年","0000-00-00","2018-02-10 07:38:11","2018-02-10 07:38:11"
51,"ライフ・イズ・ビューティフル","LA VITA E BELLA／Life Is Beautiful","https://d2ueuvlup6lbue.cloudfront.net/attachments/44a15ebf3063d3fd41caaee92fa853bdf842e14b/store/fitpad/260/364/12cf54f08aa65c6b35f8c9396d8429d79a4da36e79be2a60933a158ec4d8/6371.jpg",117,"","1998年","0000-00-00","2018-02-10 07:38:19","2018-02-10 07:38:19"
52,"シックス・センス","THE SIXTH SENSE","https://d2ueuvlup6lbue.cloudfront.net/attachments/9c309b165d1d4621b742f57212f403e1cbf5f1b0/store/fitpad/260/364/888d4a16f8173205c2e1e38c8ff29a9c6bfbc4ba2998b626f96997e63855/6519.jpg",107,"","1999年","0000-00-00","2018-02-10 07:38:27","2018-02-10 07:38:27"
53,"セブン","SEVEN","https://d2ueuvlup6lbue.cloudfront.net/attachments/f3db41e7a62d3080acb7564206ac9807748e4e75/store/fitpad/260/364/d95714267fc1b0410ed24c8b878a604629721c868759e10c6754b02499f4/5419.jpg",126,"","1995年","0000-00-00","2018-02-10 07:38:38","2018-02-10 07:38:38"
54,"トレインスポッティング","TRAINSPOTTING","https://d2ueuvlup6lbue.cloudfront.net/attachments/fe2aac9567ae863a540b450caf51cc72c9878af0/store/fitpad/260/364/b72e32d0579a2f6911f9f540d4ad4c0551fd80cec00c729fdaea5791623e/5722.jpg",93,"","1996年","0000-00-00","2018-02-10 07:38:48","2018-02-10 07:38:48"
55,"トイ・ストーリー","TOY STORY","https://d2ueuvlup6lbue.cloudfront.net/attachments/cdc8119619912729b8909465d4914f135ae5ef7b/store/fitpad/260/364/5d16917214dc25c853d26668afe7ff4c31ca47743cd7707ec2cd52ed47e4/5436.jpg",81,"","1995年","0000-00-00","2018-02-10 07:38:59","2018-02-10 07:38:59"
56,"ガタカ","GATTACA","https://d2ueuvlup6lbue.cloudfront.net/attachments/e4bc836feb601fae220396c9ec436444e45250e3/store/fitpad/260/364/86ecb45ea38c31e65fbc56d1d474c75b7ad365f5dfd2743f7cfdd4e37103/6105.jpg",106,"","1997年","0000-00-00","2018-02-10 07:39:08","2018-02-10 07:39:08"
57,"ギルバート・グレイプ","WHAT'S EATING GILBERT GRAPE","https://d2ueuvlup6lbue.cloudfront.net/attachments/8e851e821460f1d8344d65b7d57f24b72bd80aa9/store/fitpad/260/364/78a5ae3a69fe19cf35f885aa628db8b129f62a027e4b577e10f8c0d8fb6c/1211.jpg",117,"","1993年","0000-00-00","2018-02-10 07:39:13","2018-02-10 07:39:13"
58,"クール・ランニング","COOL RUNNINGS","https://d2ueuvlup6lbue.cloudfront.net/attachments/cee9c61c08ca0495bf05c19c9c16a8e4e0b02a7e/store/fitpad/260/364/aeebfad23c11d066993a92a279da31f5fb395c9690df3056cf49c57883ec/5121THJM51L.jpg",98,"","1993年","0000-00-00","2018-02-10 07:39:20","2018-02-10 07:39:20"
59,"グリーンマイル","THE GREEN MILE","https://d2ueuvlup6lbue.cloudfront.net/attachments/660a6511dc28521d5fa7ca59b2e2b6669c01001e/store/fitpad/260/364/c8729f0945be8f1383b7f484785e49bb986e3baeb4d44a608065a526eb50/8674.jpg",188,"","1999年","0000-00-00","2018-02-10 07:39:29","2018-02-10 07:39:29"
60,"耳をすませば","WHISPER OF THE HEART","https://d2ueuvlup6lbue.cloudfront.net/attachments/383f53786db980215bb61fb84f1360a3ced1479e/store/fitpad/260/364/719a0dec4663fdb6dffa30cf7476c7c4467413fedc19a32a0a2960a68136/7191.jpg",111,"","1995年","0000-00-00","2018-02-10 07:39:37","2018-02-10 07:39:37"
61,"天使にラブ・ソングを…","SISTER ACT","https://d2ueuvlup6lbue.cloudfront.net/attachments/5861f4ae5d38227e8427c474b0601368077a8660/store/fitpad/260/364/52653db3a7e4899ba5281747f9aadf76ce6510e4ebef3a9f89abf46f3414/3070.jpg",100,"","1992年","0000-00-00","2018-02-10 07:39:48","2018-02-10 07:39:48"
62,"トイ・ストーリー2","TOY STORY 2","https://d2ueuvlup6lbue.cloudfront.net/attachments/b2937eabe0af3904e20ab51100060107679068e2/store/fitpad/260/364/56826767c49145729c7ce6e2ac09f6aaa72509ff4c01ef7ee2e995fc3cc7/10480.jpg",92,"","1999年","0000-00-00","2018-02-10 07:39:59","2018-02-10 07:39:59"
63,"アメリカン・ビューティー","AMERICAN BEAUTY","https://d2ueuvlup6lbue.cloudfront.net/attachments/deba5052a89c6938fa37ff06a98c92d6c2b724ba/store/fitpad/260/364/3fd34810a1255e6cec22ea78652ae2aac3f543e0fae73c3810f5bdb7c811/10021.jpg",117,"","1999年","0000-00-00","2018-02-10 07:40:05","2018-02-10 07:40:05"
64,"ファイト・クラブ","FIGHT CLUB","https://d2ueuvlup6lbue.cloudfront.net/attachments/824e7f03e8618ff55e82b756db398f20d4a2eba4/store/fitpad/260/364/33835b322ca1ed1cf01587c141e3b9cce4cca5c416c0c210ee824eb4bf5b/9704.jpg",139,"","1999年","0000-00-00","2018-02-10 07:40:14","2018-02-10 07:40:14"
65,"バック・トゥ・ザ・フューチャーPART3","BACK TO THE FUTURE PART III","https://d2ueuvlup6lbue.cloudfront.net/attachments/b6095d63a89ccb548315dfae3f503e7ef6b3600a/store/fitpad/260/364/b71bb0c77917786a93d32a303adcc60e207897a900c8eab71f1923d0573e/3533.jpg",119,"","1990年","0000-00-00","2018-02-10 07:40:23","2018-02-10 07:40:23"
66,"バッファロー’66","BUFFALO '66","https://d2ueuvlup6lbue.cloudfront.net/attachments/738d83efde6998925e84ed6ff4f71472e3c1defa/store/fitpad/260/364/7a2fee664e0aa7f1f7d1aef90fd7a695e9a3bd0f39c7ee7ae6e25aaeafa5/23014.jpg",118,"","1998年","0000-00-00","2018-02-10 07:40:30","2018-02-10 07:40:30"
67,"ジュラシック・パーク","JURASSIC PARK","https://d2ueuvlup6lbue.cloudfront.net/attachments/86303b4f5859a9736432dbe59eb1c729a9087c64/store/fitpad/260/364/c2bc226ac665ae0aab8824a20ccd633d9edb5908146bdc5095b5421659d1/2133.jpg",127,"","1993年","0000-00-00","2018-02-10 07:40:42","2018-02-10 07:40:42"
68,"ユージュアル・サスペクツ","THE USUAL SUSPECTS","https://d2ueuvlup6lbue.cloudfront.net/attachments/4c0c9780a8f7b6de0007f8bf52f82e6966ef6afd/store/fitpad/260/364/9ee2c9e24810e0d7afdf79d100fa1a71acd90777a08237e5324a6c298331/5476.jpg",105,"","1995年","0000-00-00","2018-02-10 07:40:50","2018-02-10 07:40:50"
69,"マスク","THE MASK","https://d2ueuvlup6lbue.cloudfront.net/attachments/ad01599e2608b0626b35836fbe0c9ac80d5508dc/store/fitpad/260/364/0e4424554463cccde9b02334b44f2cb1da47de134f586ffecf8ac2fecf3b/4406.jpg",101,"","1994年","0000-00-00","2018-02-10 07:40:59","2018-02-10 07:40:59"
70,"紅の豚","PORCO ROSSO","https://d2ueuvlup6lbue.cloudfront.net/attachments/f2452455cefe05adc77814fc631f4bcb52334832/store/fitpad/260/364/a0f86351da30b6839aa22e512a62a3f1966d029a90ecfff657d9a42f5bc4/9997.jpg",91,"","1992年","0000-00-00","2018-02-10 07:41:06","2018-02-10 07:41:06"
71,"スター・ウォーズ エピソード1／ファントム・メナス","STAR WARS: EPISODE I - THE PHANTOM MENACE","https://d2ueuvlup6lbue.cloudfront.net/attachments/b11177c1d42c6a9c625e31d100b7bd82191251b6/store/fitpad/260/364/09ba269189f845970abe2c3a949904357e5af58f12bda8b20890121cd10a/6441.jpg",133,"","1999年","0000-00-00","2018-02-10 07:41:16","2018-02-10 07:41:16"
72,"ジュマンジ","JUMANJI","https://d2ueuvlup6lbue.cloudfront.net/attachments/1ce33591fe015f53d9c97da0d261fca35593088f/store/fitpad/260/364/dadbccd1b002bb5ea56ba73f80efc29e91b2bc7f83a163f648a6d0c941f9/5441.jpg",104,"","1995年","0000-00-00","2018-02-10 07:41:25","2018-02-10 07:41:25"
73,"ファーゴ","FARGO","https://d2ueuvlup6lbue.cloudfront.net/attachments/e5470d9734aa0c5fa0b35c69e3074798836ce70a/store/fitpad/260/364/ac974aabb27f35e40c056b26727e5d78476c19edfc317bc08a8189ecee57/5677.jpg",98,"","1996年","0000-00-00","2018-02-10 07:41:32","2018-02-10 07:41:32"
74,"メン・イン・ブラック","MEN IN BLACK","https://d2ueuvlup6lbue.cloudfront.net/attachments/6b84c17a84e0cac0fea03d5cb41b83661b819491/store/fitpad/260/364/78c11f03cc9af8d97523d98d095baceed99b1bd6616def3c18cf1b88745b/5998.jpg",97,"","1997年","0000-00-00","2018-02-10 07:41:43","2018-02-10 07:41:43"
75,"魔女の宅急便","KIKI'S DELIVERY SERVICE","https://d2ueuvlup6lbue.cloudfront.net/attachments/1d0a63d7bedb68c2e57a896bb666a47737743633/store/fitpad/260/364/a46e20b3380a807451091ccba061035d417ccf79ea19df95719e57dc63ff/7205.jpg",112,"","1989年","0000-00-00","2018-02-10 07:43:33","2018-02-10 07:43:33"
76,"となりのトトロ","MY NEIGHBOR TOTORO","https://d2ueuvlup6lbue.cloudfront.net/attachments/030409bcb04e2225357d85ad12e8ecc9eec05371/store/fitpad/260/364/b6d6cf758640acf3bfeda10a9f4369aa311487b9d35284cecc53cf800231/10507.jpg",88,"","1988年","0000-00-00","2018-02-10 07:43:40","2018-02-10 07:43:40"
77,"ニュー・シネマ・パラダイス","NUOVO CINEMA PARADISO","https://d2ueuvlup6lbue.cloudfront.net/attachments/df458e5875e168e7be29c9a2f3b56ff83d835c4e/store/fitpad/260/364/0952d6a963d5f4bc2c574ff10a7705f601063b328392fff0f8b6bfc45c38/3339.jpg",124,"","1989年","0000-00-00","2018-02-10 07:43:47","2018-02-10 07:43:47"
78,"バック・トゥ・ザ・フューチャー","BACK TO THE FUTURE","https://d2ueuvlup6lbue.cloudfront.net/attachments/6d93ede67c321faf31e8d6a6df5a15c4eaea7044/store/fitpad/260/364/69eb321354504ab4120df502945028c0fa243c37bb46aac5e44b22bc7161/3532.jpg",116,"","1985年","0000-00-00","2018-02-10 07:43:58","2018-02-10 07:43:58"
79,"天空の城ラピュタ","LAPUTA: CASTLE IN THE SKY","https://d2ueuvlup6lbue.cloudfront.net/attachments/25bea4e8651c6d6651291a3f3225c10921e56890/store/fitpad/260/364/9de3fb00ead82fd1251f51f76132a203c9d3e05439ff3a7a192a9ecaaff4/7778.jpg",124,"","1986年","0000-00-00","2018-02-10 07:44:05","2018-02-10 07:44:05"
80,"スタンド・バイ・ミー","STAND BY ME","https://d2ueuvlup6lbue.cloudfront.net/attachments/1e89a224a872d21ecf98f35b43b571428465f781/store/fitpad/260/364/37ab7e5d065850ed16f71d0bdada7793778345efa7c83f35eae0f9c66272/2382.jpg",89,"","1986年","0000-00-00","2018-02-10 07:44:15","2018-02-10 07:44:15"
81,"バック・トゥ・ザ・フューチャー PART2","BACK TO THE FUTURE PART II","https://d2ueuvlup6lbue.cloudfront.net/attachments/dbb756fe9bdd9de007db0f939d208ad7872e6c75/store/fitpad/260/364/3587108e8768948f3f3537e04e352332a62c76dacb0c1880c27705d5e4f4/3534.jpg",108,"","1989年","0000-00-00","2018-02-10 07:44:25","2018-02-10 07:44:25"
82,"風の谷のナウシカ","NAUSICAA OF THE VALLEY OF WIND","https://d2ueuvlup6lbue.cloudfront.net/attachments/1ffec14beea9e8334bb275ef2434641f51e38ad6/store/fitpad/260/364/8e81a1ca9f4a6bee9d8c1c759fa0c8281bbe5f8d431966cf0094bcf46990/7352.jpg",116,"","1984年","0000-00-00","2018-02-10 07:44:31","2018-02-10 07:44:31"
83,"トップガン","TOP GUN","https://d2ueuvlup6lbue.cloudfront.net/attachments/aded18ab45c0655a17a6cabc84fba458b8fde757/store/fitpad/260/364/f0850750af508a43c1a697272d284b759c866200ea518acab1101c7e772e/3154.jpg",110,"","1986年","0000-00-00","2018-02-10 07:44:38","2018-02-10 07:44:38"
84,"E.T.","E.T. THE EXTRA-TERRESTRIAL","https://d2ueuvlup6lbue.cloudfront.net/attachments/19cabc0b5f2c3977f38806b45ec5fc4a8459b538/store/fitpad/260/364/7bda3480e51badba0706e92b8785275c4d00294425e1cc446cdbb5fea40c/367.jpg",115,"","1982年","0000-00-00","2018-02-10 07:44:47","2018-02-10 07:44:47"
85,"シャイニング","THE SHINING","https://d2ueuvlup6lbue.cloudfront.net/attachments/e824c03611c531f2cdb724d28ff2a0c9eeb19c42/store/fitpad/260/364/540f7461ee4b86bc0333533c0c9e6ad74f55472ad456a1b633f06ae920b0/2042.jpg",119,"","1980年","0000-00-00","2018-02-10 07:44:55","2018-02-10 07:44:55"
86,"火垂るの墓","Grave of the Fireflies","https://d2ueuvlup6lbue.cloudfront.net/attachments/7eedd74a611eb4e26551d4d955b14ceb5fc7de0a/store/fitpad/260/364/3b20cdc3a73e50fc13ddc00ac6bf2f5b737288552ca0be5dd64595efc68f/8597.jpg",88,"","1988年","0000-00-00","2018-02-10 07:45:01","2018-02-10 07:45:01"
87,"ガンジー","GANDHI","https://d2ueuvlup6lbue.cloudfront.net/attachments/431357ef5e1d9b9a05db5becbc0ad41a965e3ae4/store/fitpad/260/364/65a234fda09d4650c2847d11855e8117a847e6a095ab973ed3a26abadab2/1006.jpg",188,"","1982年","0000-00-00","2018-02-10 07:45:08","2018-02-10 07:45:08"
88,"スター・ウォーズ エピソード5／帝国の逆襲","Star Wars Episode V: The Empire Strikes Back","https://d2ueuvlup6lbue.cloudfront.net/attachments/44f347bd067693a7feb1d50e490e0175442ba656/store/fitpad/260/364/855973c6643c01ff33ec714b19552c2e80fb2099cb683821b6a7609926b9/2363.jpg",124,"","1980年","0000-00-00","2018-02-10 07:45:18","2018-02-10 07:45:18"
89,"アキラ AKIRA","","https://d2ueuvlup6lbue.cloudfront.net/attachments/81c17e8fe964fb28254a4746983b4be13ebe5df8/store/fitpad/260/364/b071660377c8f1f83cf03fa83a35163982558b61488ccb6d9568a6303cbc/7207.jpg",124,"","1988年","0000-00-00","2018-02-10 07:45:26","2018-02-10 07:45:26"
90,"ターミネーター","THE TERMINATOR","https://d2ueuvlup6lbue.cloudfront.net/attachments/8af73ffdcbec06216c9e6db2b269cce4d88c13a8/store/fitpad/260/364/7ac267e31271e79bd05f8521ddde1d1f798f901c9b0754335dbc62de482d/2663.jpg",108,"","1984年","0000-00-00","2018-02-10 07:45:33","2018-02-10 07:45:33"
91,"ダイ・ハード","DIE HARD","https://d2ueuvlup6lbue.cloudfront.net/attachments/7e3124bd6d1c2d15110429472ca42a958b1d6e51/store/fitpad/260/364/5d9c534af46b4a7b7eb5baf46d3e6138615a6091e9e43b103911167d0cfe/2710.jpg",131,"","1988年","0000-00-00","2018-02-10 07:45:43","2018-02-10 07:45:43"
92,"スター・ウォーズ エピソード6／ジェダイの帰還","Star Wars Episode VI: Return of the Jedi","https://d2ueuvlup6lbue.cloudfront.net/attachments/4b8aa94b849e47f0abd0d90cbce268553090e3b3/store/fitpad/260/364/9514a0cb9fbadbfe49c7cb1497141b91ef9247ea923e664604699e31ef5a/2364.jpg",133,"","1983年","0000-00-00","2018-02-10 07:45:52","2018-02-10 07:45:52"
93,"ゴーストバスターズ","GHOSTBUSTERS","https://d2ueuvlup6lbue.cloudfront.net/attachments/542107c1fd2fbfd5d788d9e2e81a3e5fa85dc1a7/store/fitpad/260/364/02ad92b69473c8ab8bf793a2500f85fc192147e44c73383141de347aab4b/1547.jpg",105,"","1984年","0000-00-00","2018-02-10 07:46:01","2018-02-10 07:46:01"
94,"グーニーズ","THE GOONIES","https://d2ueuvlup6lbue.cloudfront.net/attachments/cc36cd14a83be25fc4356877222cb559eda524a6/store/fitpad/260/364/3b07c9843e4bcb0d7c7a227d26c90dbb585cc0b346293584621685622d75/1257.jpg",114,"","1985年","0000-00-00","2018-02-10 07:46:10","2018-02-10 07:46:10"
95,"リトル・マーメイド／人魚姫","THE LITTLE MERMAID","https://d2ueuvlup6lbue.cloudfront.net/attachments/62d54313ed6d25e99344417baebdcfd13892ed42/store/fitpad/260/364/ae19090c2590204870f165b30b0727878ee422fea1912cc601734cce3bbe/4948.jpg",84,"","1989年","0000-00-00","2018-02-10 07:46:19","2018-02-10 07:46:19"
96,"ブレックファスト・クラブ","THE BREAKFAST CLUB","https://d2ueuvlup6lbue.cloudfront.net/attachments/a2c83ff58eda219195fa99d67a1f8dfb05a48f7f/store/fitpad/260/364/b970ea411d530272762c254ed3f52f9cd68d7dc646ed9e5424e69da0545a/4100.jpg",97,"","1985年","0000-00-00","2018-02-10 07:46:26","2018-02-10 07:46:26"
97,"レインマン","RAIN MAN","https://d2ueuvlup6lbue.cloudfront.net/attachments/5d40cdd98b68dcaa6b693e7a77cfed4665711192/store/fitpad/260/364/239a3fa2f2be684a1604cd563e4619bfdf20778f14aee2d8c1aa4b5a2481/5011.jpg",134,"","1988年","0000-00-00","2018-02-10 07:46:33","2018-02-10 07:46:33"
98,"グレムリン","GREMLINS","https://d2ueuvlup6lbue.cloudfront.net/attachments/c304cccc3339bf1e351e31daa3a68f8c179c57ac/store/fitpad/260/364/072ed0fddd305ba3b07da8819d770cf8c762d3ec36d9de37132950ed2ef0/1352.jpg",107,"","1984年","0000-00-00","2018-02-10 07:46:42","2018-02-10 07:46:42"
99,"いまを生きる","DEAD POETS SOCIETY","https://d2ueuvlup6lbue.cloudfront.net/attachments/9b007f975dd036e47a262dce8054dc2488acd6f3/store/fitpad/260/364/bddf2fffc587deb864a48d7fd87184ce73a375f1902c0a49a02c9bea422b/429.jpg",128,"","1989年","0000-00-00","2018-02-10 07:46:50","2018-02-10 07:46:50"
100,"バグダッド・カフェ＜ニュー・ディレクターズ・カット版＞","BAGDAD CAFE","https://d2ueuvlup6lbue.cloudfront.net/attachments/6d147551328089c38077d3fed32f323992724793/store/fitpad/260/364/e34c5f2db42dd148e53f1fc91f945e0ed6ed1ee6ed4446ffafddd6ff238b/3487.jpg",108,"","1987年","0000-00-00","2018-02-10 07:46:56","2018-02-10 07:46:56"
101,"ビッグ","BIG","https://d2ueuvlup6lbue.cloudfront.net/attachments/c3c8a4e3ed73d3943e5bceae1cda3a65ed58abdc/store/fitpad/260/364/4b0dc9da68b5dd0fca7936e566cc8d6ad4684044fec7ecb3fede2bdeea57/3750.jpg",102,"","1988年","0000-00-00","2018-02-10 07:47:04","2018-02-10 07:47:04"
102,"アマデウス","AMADEUS","https://d2ueuvlup6lbue.cloudfront.net/attachments/a466944f9c3c7f6959a1ad19e61cef6587437e16/store/fitpad/260/364/d01a08daa6cc00ac477ffefa75e4d7a845cb84e8f33fb06497e3477ca1b8/248.jpg",160,"","1984年","0000-00-00","2018-02-10 07:47:10","2018-02-10 07:47:10"
103,"インディ・ジョーンズ／魔宮の伝説","INDIANA JONES AND THE TEMPLE OF DOOM","https://d2ueuvlup6lbue.cloudfront.net/attachments/3262905981103cb9ed06911c2e7479121edfd4cb/store/fitpad/260/364/6bf648da54bff6af3fcff296e8967691c476b872e20f13094b5d7c5697f0/450.jpg",118,"","1984年","0000-00-00","2018-02-10 07:47:17","2018-02-10 07:47:17"
104,"インディ・ジョーンズ／最後の聖戦","INDIANA JONES AND THE LAST CRUSADE","https://d2ueuvlup6lbue.cloudfront.net/attachments/93b9b5786803be67d8e05436d08fffd98951a4fb/store/fitpad/260/364/91cf510b330f7dd812880b05d1008c6a0bced3b2dfcdd64b62da91dd5ee0/451.jpg",127,"","1989年","0000-00-00","2018-02-10 07:47:25","2018-02-10 07:47:25"
105,"ブルース・ブラザース","THE BLUES BROTHERS","https://d2ueuvlup6lbue.cloudfront.net/attachments/d397e8f0125b302e42a41eb4f276dc0dc52b699c/store/fitpad/260/364/5d20f1a0354f9037df2d930358fe08fc445c1735d4da0140174abb2b4336/4058.jpg",133,"","1980年","0000-00-00","2018-02-10 07:47:31","2018-02-10 07:47:31"
106,"エレファント・マン","THE ELEPHANT MAN","https://d2ueuvlup6lbue.cloudfront.net/attachments/7c401642f254a2cf1748439449be704f4350234e/store/fitpad/260/364/7ebba6e559af272de9cfaa0c9d3d402e4531951d713af2a9297f2d8a54fc/622.jpg",124,"","1980年","0000-00-00","2018-02-10 07:47:36","2018-02-10 07:47:36"
107,"ラストエンペラー","THE LAST EMPEROR","https://d2ueuvlup6lbue.cloudfront.net/attachments/73344904e3b0964911a734e9f0cd64b5c9cd231f/store/fitpad/260/364/70b4beaf9ad3a57e04c044f1a3be01d0600e080e6142bcdd397a8c3997fc/33349.jpg",163,"","1987年","0000-00-00","2018-02-10 07:47:41","2018-02-10 07:47:41"
108,"戦場のメリークリスマス","MERRY CHRISTMAS, MR. LAWRENCE","https://d2ueuvlup6lbue.cloudfront.net/attachments/25408e8a238644b3ff3cc8b5029d44e1ed576a39/store/fitpad/260/364/2cc2c9b5d60b91059d647a69227268eb5b951392844659f3f39327adda07/2555.jpg",123,"","1983年","0000-00-00","2018-02-10 07:47:48","2018-02-10 07:47:48"
109,"バグダッド・カフェ","BAGDAD CAFE","https://d2ueuvlup6lbue.cloudfront.net/attachments/f40095c59c84d9283c9d776ce46741147ce8b3e9/store/fitpad/260/364/9aaceb38e1d390cc468a47e74c4f74847ce965bd743f34f2d1bd20968d58/3486.jpg",91,"","1987年","0000-00-00","2018-02-10 07:47:53","2018-02-10 07:47:53"
110,"ビバリーヒルズ・コップ","BEVERLY HILLS COP","https://d2ueuvlup6lbue.cloudfront.net/attachments/9b9fcb395a693723c0634750e5c0f8523c4a6e20/store/fitpad/260/364/8cdb73d91924c45591dad3024d51a54dd6dcf1e6f9c348db6df220fc25be/3793.jpg",105,"","1984年","0000-00-00","2018-02-10 07:47:59","2018-02-10 07:47:59"
111,"時計じかけのオレンジ","A CLOCKWORK ORANGE","https://d2ueuvlup6lbue.cloudfront.net/attachments/6eec671bb77423e0b43a81a6ad33e3100b21cd38/store/fitpad/260/364/15b9e7a84c2e61454206d1c6c89dc68e0750a31ffe743b5a079221c919ed/3137.jpg",137,"","1971年","0000-00-00","2018-02-10 07:50:26","2018-02-10 07:50:26"
112,"ルパン三世 カリオストロの城","The Castle of Cagliostro","https://d2ueuvlup6lbue.cloudfront.net/attachments/e86d15baac2947780b253cb74956a03f07cff68e/store/fitpad/260/364/1516efa6f4f5116ff3556b75ccef9d4eacc07847de9f5f28d03dcb6c11d5/8313.jpg",100,"","1979年","0000-00-00","2018-02-10 07:50:34","2018-02-10 07:50:34"
113,"スター・ウォーズ エピソード4／新たなる希望","Star Wars Episode IV: A New Hope","https://d2ueuvlup6lbue.cloudfront.net/attachments/8ea0fbcbea27a870d308404d9c2ed0ca567b107a/store/fitpad/260/364/e2f66f13d64d14bd5155c5e68ddaef480aa7ea3402133e3e88edee294737/2362.jpg",121,"","1977年","0000-00-00","2018-02-10 07:50:45","2018-02-10 07:50:45"
114,"ゴッドファーザー","THE GODFATHER","https://d2ueuvlup6lbue.cloudfront.net/attachments/dce2e51dea7b0d2b7810f2e336fc3b9bef3110a4/store/fitpad/260/364/934c5c64ae54eacf77c19e94d1ec3d03af945aaabdcda143dc17266e44f2/1608.jpg",175,"","1972年","0000-00-00","2018-02-10 07:50:53","2018-02-10 07:50:53"
115,"タクシードライバー","TAXI DRIVER","https://d2ueuvlup6lbue.cloudfront.net/attachments/2f73d92f8b867ab635745bc65f57887ed9faa832/store/fitpad/260/364/a799aac6f61d9999d019250f7d146c67da62ca847d5c52210da8c47e4f31/2755.jpg",114,"","1976年","0000-00-00","2018-02-10 07:51:01","2018-02-10 07:51:01"
116,"早春","DEEP END","https://d2ueuvlup6lbue.cloudfront.net/attachments/7db72aef951c8d85ab6aa60959016e108c4cf428/store/fitpad/260/364/d34d1a8b34667f28f68e6e3469c719bd76dedf9446c01fb84283da41338a/%E6%97%A9%E6%98%A5%E3%83%9B%E3%82%9A%E3%82%B9%E3%82%BF%E3%83%BC.jpg",92,"","1970年","2018-01-13","2018-02-10 07:51:05","2018-02-10 07:51:05"
117,"アニー・ホール","ANNIE HALL","https://d2ueuvlup6lbue.cloudfront.net/attachments/008569486da380f87b56cc3ef89b077b4dcf95e7/store/fitpad/260/364/bacbfe476820c3a27801c0c55e303dee3dc3fc6e70d75381037cb1ca5d3d/223.jpg",93,"","1977年","0000-00-00","2018-02-10 07:51:11","2018-02-10 07:51:11"
118,"クレイマー、クレイマー","KRAMER VS. KRAMER","https://d2ueuvlup6lbue.cloudfront.net/attachments/7a1c2ebab6c9e650a886ac00eb20d47575fb36b9/store/fitpad/260/364/3cb7e82baacc0dad1b5fbf70e77c5260f5b72b86c95a8150379be783fc1f/1337.jpg",105,"","1979年","0000-00-00","2018-02-10 07:51:20","2018-02-10 07:51:20"
119,"JAWS／ジョーズ","JAWS","https://d2ueuvlup6lbue.cloudfront.net/attachments/8e4394930d6b899e9824c28fab6a9f469419ee57/store/fitpad/260/364/cfcc229579f7b569499168156f6686d376b9fb8bd72ab75efa06980604f9/2188.jpg",124,"","1975年","0000-00-00","2018-02-10 07:51:29","2018-02-10 07:51:29"
120,"カッコーの巣の上で","ONE FLEW OVER THE CUCKOO'S NEST","https://d2ueuvlup6lbue.cloudfront.net/attachments/76622ba3c8a978488ad14580fea0c801b1165e05/store/fitpad/260/364/2f452f7d5685c64c2ec51d7af8b1cec7a6958697d18fc54f42c485468875/900.jpg",129,"","1975年","0000-00-00","2018-02-10 07:51:34","2018-02-10 07:51:34"
121,"スティング","THE STING","https://d2ueuvlup6lbue.cloudfront.net/attachments/1a2653055c4520ca6b33c9e9b48549d782e0050b/store/fitpad/260/364/1ec3dc428ecd27f289a66b6e847c6a3b632b1f2d5eef9489f214b320cdc3/2388.jpg",129,"","1973年","0000-00-00","2018-02-10 07:51:42","2018-02-10 07:51:42"
122,"エイリアン","ALIEN","https://d2ueuvlup6lbue.cloudfront.net/attachments/ed231a0909629da018c9f541bd675416d96f4bb9/store/fitpad/260/364/c1e7bd85c65859ae9d576b383bda091422e67fb9fa1d65e7315c741daeba/554.jpg",117,"","1979年","0000-00-00","2018-02-10 07:51:49","2018-02-10 07:51:49"
123,"ミツバチのささやき","EL ESPIRITU DE LA COLMENA","https://d2ueuvlup6lbue.cloudfront.net/attachments/7e1ec94e73c0e371361c02f0cb9acabd308a5904/store/fitpad/260/364/031533f7b3d98425cfb68a8a1137c009bc728294f4527f8562a22ad8555b/tAT_v1_B4.jpg",99,"スペインのある小さな村に『フランケンシュタイン』の巡回上映がやってくる。6歳の少女アナはスクリーン上の怪物を精霊と思い、姉から怪物は村外れの一軒家に隠れていると聞いたアナは、ある日、その家を訪れる。そこでひとりの謎めいた負傷兵と出会い……。","1973年","0000-00-00","2018-02-10 07:51:53","2018-02-10 07:51:53"
124,"ロッキー・ホラー・ショー","THE ROCKY HORROR PICTURE SHOW","https://d2ueuvlup6lbue.cloudfront.net/attachments/ca532b81466c18541514e8a0fb5c96e4160904fd/store/fitpad/260/364/b634ef8fb9c5c9bfc5bf707d88b02773d574b24e8a5f7cb0b022d71e5f77/5109.jpg",99,"","1975年","0000-00-00","2018-02-10 07:52:00","2018-02-10 07:52:00"
125,"フォロー・ミー","FOLLOW ME！","https://d2ueuvlup6lbue.cloudfront.net/attachments/4a354ee54dcaabc749fd2d118025704f585e8fa1/store/fitpad/260/364/cb08d2ba797cb9221ce666cd3b5baafdc352b9a847b39402f8a5cfffa7f0/3905.jpg",94,"","1972年","0000-00-00","2018-02-10 07:52:05","2018-02-10 07:52:05"
126,"ロッキー","ROCKY","https://d2ueuvlup6lbue.cloudfront.net/attachments/b8428d58bb2d88cf2761949bba342fbdffa89635/store/fitpad/260/364/19ed08554fb3edeb76f3e4f6ca73e722462f8197f4bc68b59f44eef14bb8/5104.jpg",119,"","1976年","0000-00-00","2018-02-10 07:52:14","2018-02-10 07:52:14"
127,"小さな恋のメロディ","MELODY","https://d2ueuvlup6lbue.cloudfront.net/attachments/a2ca15853e32ca2f0d89cc33c8563ff1bdbb055d/store/fitpad/260/364/abdb75cfdd0671a33ca9094efa64379e3cacf23aab0b0055b5e64b8b8e55/2843.jpg",106,"","1971年","0000-00-00","2018-02-10 07:52:18","2018-02-10 07:52:18"
128,"ホーリー・マウンテン","THE HOLY MOUNTAIN","https://d2ueuvlup6lbue.cloudfront.net/attachments/8626ca4efb42f247afec6cf2413a4dfd1d40ad3b/store/fitpad/260/364/e05dee3c45399b90cd556bdec980a2da148e0557debced9d6b4a2d92f450/4247.jpg",117,"","1973年","0000-00-00","2018-02-10 07:52:23","2018-02-10 07:52:23"
129,"サタデー・ナイト・フィーバー","SATURDAY NIGHT FEVER","https://d2ueuvlup6lbue.cloudfront.net/attachments/543c6d62397df0d92d8c60eb7c96bf6fd8e38e73/store/fitpad/260/364/ecb8d6fe609087816e38a0d1873e1601cd05d0ab0784e690888fcb39cbe3/1737.jpg",119,"","1977年","0000-00-00","2018-02-10 07:52:29","2018-02-10 07:52:29"
130,"ファンタスティック・プラネット","LA PLANETE SAUVAGE","https://d2ueuvlup6lbue.cloudfront.net/attachments/e5f89967fb0d274b54cd0ee15667d4530a50528e/store/fitpad/260/364/623d7ccdc20b7c31614d390dc851b92997c6a65974417a29733e843f52fc/33347.jpg",73,"","1973年","0000-00-00","2018-02-10 07:52:34","2018-02-10 07:52:34"
131,"ゴッドファーザーPART II","THE GODFATHER: PART II","https://d2ueuvlup6lbue.cloudfront.net/attachments/4be73816b1c0ebccbaf6841160e4179313d1aebc/store/fitpad/260/364/d5e978d37a94ec7f4ae8a9d141d6bdfe26fd2c401143561bed71d68822dc/1609.jpg",200,"","1974年","0000-00-00","2018-02-10 07:52:41","2018-02-10 07:52:41"
132,"マッドマックス","MAD MAX","https://d2ueuvlup6lbue.cloudfront.net/attachments/49323a270e28750d563abbb9faaab82a6ce7c5d2/store/fitpad/260/364/4df73c389f50c92662f630a9f3faa170531cd254a79cfca79dbc6a62b70c/4426.jpg",94,"","1979年","0000-00-00","2018-02-10 07:52:48","2018-02-10 07:52:48"
133,"犬神家の一族","","https://d2ueuvlup6lbue.cloudfront.net/attachments/7a3c864f54893cfe753dd51defbde4803c4b0c6d/store/fitpad/260/364/a58b0f9de5cc71375836f53267e7d60db0393e99ae342519c3e530e16f31/7091.jpg",146,"","1976年","0000-00-00","2018-02-10 07:52:56","2018-02-10 07:52:56"
134,"君よ憤怒の河を渉れ","","https://d2ueuvlup6lbue.cloudfront.net/attachments/83962699dd8771fd16de1f6873c942bb179c7e42/store/fitpad/260/364/37115485750f90764bba84a6c8b1c7524fcda54902b26eb34e9782560a4e/7231.jpg",151,"","1976年","0000-00-00","2018-02-10 07:53:00","2018-02-10 07:53:00"
135,"エクソシスト","THE EXORCIST","https://d2ueuvlup6lbue.cloudfront.net/attachments/617a6c48a93c72fa76ce876dcd3bea7a4260273b/store/fitpad/260/364/2bf8cf9a327c1eae7c0d73243fb9c53cf072d77d7a0c7d7cdb5cc7ef3a33/565.jpg",121,"","1973年","0000-00-00","2018-02-10 07:53:08","2018-02-10 07:53:08"
136,"ディア・ハンター","THE DEER HUNTER","https://d2ueuvlup6lbue.cloudfront.net/attachments/60193b519d9755543fc064dcd0aadf8c0d8d760e/store/fitpad/260/364/4244a47e6035428c358dd90beb044469fbe2bb2d3de95c1cab3c7744d018/2980.jpg",183,"","1978年","0000-00-00","2018-02-10 07:53:13","2018-02-10 07:53:13"
137,"ペーパー・ムーン","PAPER MOON","https://d2ueuvlup6lbue.cloudfront.net/attachments/e7b13ab735e05791cff7953048e187a79f5a0ad5/store/fitpad/260/364/774bb36a51330dce66c40c90ce7bb9e31634796a81adb90aff7478d59794/4159.jpg",103,"","1973年","0000-00-00","2018-02-10 07:53:18","2018-02-10 07:53:18"
138,"キャリー","CARRIE","https://d2ueuvlup6lbue.cloudfront.net/attachments/ac4974aea165f33827956d9a4e697084f7903dcb/store/fitpad/260/364/d69aea9a8dbe9f82258c469d6c6311fcc4c073e439cd732b4aa40783fb1a/1124.jpg",98,"","1976年","0000-00-00","2018-02-10 07:53:24","2018-02-10 07:53:24"
139,"悪魔のいけにえ","THE TEXAS CHAIN SAW MASSACRE","https://d2ueuvlup6lbue.cloudfront.net/attachments/50fcbf01dfde7ec228db7073129949d9e2b8aea5/store/fitpad/260/364/d38f805b1e3e6855a214e7c0dbd4b66d367482c9f58282dbc0798b9746e0/143.jpg",84,"","1974年","0000-00-00","2018-02-10 07:53:33","2018-02-10 07:53:33"
140,"ルパン三世 ルパンVS複製人間","Lupin the 3rd - The Mystery of Mamo","https://d2ueuvlup6lbue.cloudfront.net/attachments/ff21334816d357ac2c2be2aab9205136c93bc6a9/store/fitpad/260/364/9ec76688a014801c8d32634278ed84996454f3b1b4dae38c41d3fd5eaac2/9927.jpg",102,"不二子からの依頼、いつもと変わらないやり取りのはずだった。。。
永遠の命が与えられるという伝説の「賢者の石」をエジプトのピラミッドから盗み出したルパン三世。だが、不二子はルパンから賢者の石を騙し取り、ある依頼人のもとに去ってしまう。
依頼人の名前は“マモー”。
マモーは1万年もの間、「神の実験」と称してクローン技術を駆使し自身のクローンを作り続けてきた複製人間だった。自らを「神」と名乗るマ…不二子からの依頼、いつもと変わらないやり取りのはずだった。。。
永遠の命が与えられるという伝説の「賢者の石」をエジプトのピラミッドから盗み出したルパン三世。だが、不二子はルパンから賢者の石を騙し取り、ある依頼人のもとに去ってしまう。
依頼人の名前は“マモー”。
マモーは1万年もの間、「神の実験」と称してクローン技術を駆使し自身のクローンを作り続けてきた複製人間だった。自らを「神」と名乗るマモーは、ルパンに不老不死の話を持ちかけるがルパンは相手にしなかった。自分の崇高な理想を理解しないルパンに怒ったマモーは、再びルパンたちの前に現れ、人知を超えた能力で不二子を連れ去ってしまう。圧倒的な力の前に戦意を失くしてしまった次元の制止を振り切り、単身マモーの元へ向かうルパン。すべての謎の答え、そして「賢者の石」を使って行おうとするマモーの野望が明らかになったとき、ルパンとマモーの決戦の火ぶたは切られるのだった。
ルパンVSマモー　世界史を塗り替えるのは、どっちだ！？","1978年","0000-00-00","2018-02-10 07:53:40","2018-02-10 07:53:40"
141,"地獄の黙示録","APOCALYPSE NOW","https://d2ueuvlup6lbue.cloudfront.net/attachments/bafeccdb5774244210a2a905e4f9b71607463959/store/fitpad/260/364/9dfc0b982b83da709d31364f50e37aab293ba47ecf43eb190d668be23af7/1972.jpg",153,"","1979年","0000-00-00","2018-02-10 07:53:45","2018-02-10 07:53:45"
142,"オーメン","THE OMEN","https://d2ueuvlup6lbue.cloudfront.net/attachments/0f93073c3b9ff115340597caa0a799f4ea9c2e0f/store/fitpad/260/364/602be7ad6309926d4e52dcf184aeef4f398eebd730cdab27ec9584f4b831/695.jpg",111,"","1976年","0000-00-00","2018-02-10 07:53:52","2018-02-10 07:53:52"
143,"ひまわり","I GIRASOLI","https://d2ueuvlup6lbue.cloudfront.net/attachments/65c3e5be1f761d8ab4d049cc35200c9ce2387a9e/store/fitpad/260/364/e2fcbe5b81ce91eec0c387a8caf9d0845abeca6d6e5fe51f6c758346fbab/3797.jpg",107,"","1970年","0000-00-00","2018-02-10 07:53:57","2018-02-10 07:53:57"
144,"幸福の黄色いハンカチ","","https://d2ueuvlup6lbue.cloudfront.net/attachments/79456e0421e605c6248015642a2c0155a61bb32c/store/fitpad/260/364/392d5a24a4f6095d92a87ca5aa4adf4ef8e1dc3c069179fc5ac5410a5ccf/7233.jpg",108,"","1977年","0000-00-00","2018-02-10 07:54:05","2018-02-10 07:54:05"
145,"惑星ソラリス","SOLARIS","https://d2ueuvlup6lbue.cloudfront.net/attachments/284c40fa5f2d7ca5c3e64a55a950b79c0a36126a/store/fitpad/260/364/53ee341ac457259dc560beffe05c5f0fca68416501ad54b743b2d0c95e12/5190.jpg",165,"","1972年","0000-00-00","2018-02-10 07:54:10","2018-02-10 07:54:10"
146,"サスペリア","SUSPIRIA","https://d2ueuvlup6lbue.cloudfront.net/attachments/2c15981877983ac840afc887aed5875b373ef5f4/store/fitpad/260/364/6dc8569248141b97c12358f9066fd3a95abbea046278dc2b2d84613915cf/1727.jpg",99,"","1977年","0000-00-00","2018-02-10 07:54:15","2018-02-10 07:54:15"
